:1000000027EF58F0F76A180FF66E000EF722000E71
:10001000F86E0900F55012004200F76A2E0FF66ED6
:10002000000EF722000EF86E0900F5501200430092
:10003000F76A440FF66E000EF722000EF86E090004
:10004000F55012004400F76A5A0FF66E000EF722C0
:10005000000EF86E0900F55012004500F76A700FA7
:10006000F66E000EF722000EF86E0900F550120031
:100070004800F76A860FF66E000EF722000EF86E43
:100080000900F55012004C00F76A9C0FF66E000E46
:10009000F722000EF86E0900F55012004100F76AD1
:1000A000B20FF66E000EF722000EF86E0900F55042
:1000B00012003F00F76AC80FF66E000EF722000E1E
:1000C000F86E0900F550120028484C2900005B54D6
:1000D0003A25645D2000542D737461746573206348
:1000E0006F756E7465722072657365740A0D000019
:1000F00053495354454D4120494E494349414C4988
:100100005A41444F202D205A38302D504943205217
:10011000454144590A0D00002A2A2A204D4F444FD8
:100120002050524F544555532053494D554C41543E
:10013000494F4E202A2A2A0A0D00496E74657272B0
:100140007570E7616F207472696767657265642115
:10015000210A0D004E4D492074726967676572650A
:10016000640A0D003E3E3E204E4D492048414E441B
:100170004C4552203C3C3C0A0D004E4D493A205023
:10018000432073616C766F7520254C582C20707558
:100190006C616E646F207061726120303036366839
:1001A0000A0D00003E3E3E20494E544552525550E5
:1001B000542048414E444C4552202D20494D256441
:1001C000203C3C3C0A0D0000494D303A2045786502
:1001D000637574616E646F20636F6D616E646F2010
:1001E000646F2062617272616D656E746F0A0D00DA
:1001F000434F4D414E444F204578656375746164AB
:100200006F3A2030782558286F70636F6465290A2B
:100210000D00494D313A2050756C616E646F20704D
:100220006172612030303338680A0D00494D323A2E
:10023000205665746F7220493D25582C2070756CCE
:10024000616E646F207061726120746162656C61BF
:100250000A0D0000494D323A205665746F724144D0
:10026000445220254C58202D3E205665746F724212
:1002700059544520254C58202D3E2050433D254CB7
:10028000580D0A00525354202558680A0D004D6F2E
:10029000646F20646520696E746572727570E761C1
:1002A0006F2073657461646F207061726120494DC5
:1002B00025640A0D000052455449202D20526574D2
:1002C0006F726E6F20646520696E746572727570EE
:1002D000E7616F0A0D005245544E202D205265747F
:1002E0006F726E6F206465204E4D490A0D004255B5
:1002F000535F5354415455533A00204D5245513D9C
:100300002564000020494F5245513D25640020528C
:10031000443D256400002057523D25640000204DD7
:10032000313D256400002043535F524F4D3D25640D
:1003300000002043535F52414D3D2564000041447D
:1003400044523A254C5820004D454D5F52443A25C1
:100350004C5820004441444F535F52443D2558209F
:1003600000004D454D5F57523A254C583C2D2558BD
:100370002000454E445F4D454D5F57524954453A24
:100380002000494F5F52443A25583D00494F5F5283
:10039000443A53544154555320004441444F535F11
:1003A000494F3D2558200000494F5F57523A255884
:1003B0003C2D25582000494F5F57523A454E442066
:1003C0000000524F4D5F524541443A254C583D2064
:1003D000000052414D5F524541443A254C583D2062
:1003E0000000524F4D5F57484954455F424C4F51B2
:1003F000554541444120000052414D5F57524954F8
:10040000453A254C583D00004645544348204F503E
:10041000434F44453A0057414954203D20254C75EF
:10042000206379636C65730A0D0044415441203D9B
:1004300020307825582C2050433D3078254C582CBE
:1004400020523D307825580A0D0046203D20255881
:10045000202C2041203D2025580A0D0044414120F8
:100460002D3E20413D255820463D25580A00524C3E
:1004700044202D3E20413D25582028484C293D252B
:10048000580A0D00525244202D3E20413D2558204F
:1004900028484C293D25580A0D004C4449202D3E42
:1004A0002042433D254C5820484C3D254C58204483
:1004B000453D254C580A0D004C444952202D3E2004
:1004C0000000436F6D706C65746F0A0D00004C4442
:1004D00044202D3E2042433D254C5820484C3D258C
:1004E0004C582044453D254C580A0D004C4444527C
:1004F000202D3E200000436F6D706C65746F0A0DF7
:100500000000435049202D3E20413D2558202848D9
:100510004C293D25582042433D254C580A0D0000EA
:1005200043504952202D3E200000436F6D706C6592
:10053000746F0A0D0000435044202D3E20413D259C
:10054000582028484C293D25582042433D254C58E9
:100550000D0A000043504452202D3E200000436FFE
:100560006D706C65746F0A0D0000494E44202D3E7D
:1005700020423D25582028484C293D25580A0D0089
:10058000494E4452202D3E200000436F6D706C6533
:10059000746F0A0D00004F555444202D3E20423DFB
:1005A000255820446174613D25580A0D00004F54C0
:1005B0004452202D3E200000436F6D706C65746FB7
:1005C0000A0D00004C4420412C49202D3E20413D85
:1005D000255820493D25580A0D004C4420412C52F5
:1005E000202D3E20413D255820523D25580A0D0022
:1005F0004C4420492C41202D3E20493D2558204186
:100600003D25580A0D004C4420522C41202D3E20FF
:10061000523D255820413D25580D0A004C442028C4
:1006200049582B2564292C25580D0A004C442028B4
:1006300049592B2564292C25580D0A004C44204982
:10064000582C484C202D3E2049583D254C580D0A29
:1006500000004C4420484C2C4958202D3E20484C4A
:100660003D254C580D0A00004C4420412C28495887
:100670002B256429202D3E20413D254C580D0A0094
:100680004C44202849582B2564292C41202D3E20FC
:10069000413D25580D0A00004C442025632C284973
:1006A000582B256429202D3E2025633D25580D0A11
:1006B00000004C44202849582B2564292C25632010
:1006C0002D3E2025633D25580D0A0000494E43204C
:1006D0004958202D3E2049583D254C580D0A000010
:1006E000444543204958202D3E2049583D254C582B
:1006F0000D0A0000494E43204959202D3E204959FA
:100700003D254C580D0A0000444543204959202DF1
:100710003E2049593D254C580D0A000041444420D3
:1007200049582C7070202D3E2049583D254C580DBD
:100730000A004144442049592C7070202D3E204924
:10074000593D254C580D0A00415649534F3A20480F
:100750004C2061706F6E7461207061726120524F25
:100760004D2028254C58292C206F706572616361DB
:100770006F20706F64652066616C6861720A0D009D
:10078000415649534F3A2056616C6F722061706F29
:100790006E7461207061726120524F4D2028254C8B
:1007A00058292C206F7065726163616F20706F64CF
:1007B000652066616C6861720A0D00005342432037
:1007C000484C2C254C58202D3E20484C3D254C585B
:1007D00020463D25580A0D004A52204E5A20746F7B
:1007E0006D61646F3A205043202B3D2025640D0A33
:1007F00000004A52204E5A206E616F20746F6D6166
:10080000646F0D0A00004A52205A20746F6D6164B3
:100810006F3A205043202B3D2025640D0A004A5298
:10082000205A206E616F20746F6D61646F0D0A0035
:100830004A52204E4320746F6D61646F3A205043DA
:10084000202B3D2025640D0A00004A52204E4320F3
:100850006E616F20746F6D61646F0D0A00004A5203
:10086000204320746F6D61646F3A205043202B3D0C
:100870002025640D0A004A522043206E616F2074C7
:100880006F6D61646F0D0A004A502028484C292082
:100890002D3E205043203D20254C580D0A004C444D
:1008A0002053502C484C202D3E205350203D2025D5
:1008B0004C580D0A00004C442028484C292C6E202E
:1008C0002D3E2028484C293D254C582C2076616C23
:1008D00075653D25580D0A00494E432028484C298E
:1008E000202D3E2028484C293D25580D0A0044451E
:1008F000432028484C29202D3E2028484C293D25BE
:10090000580D0A0041444420412C28484C29202DF0
:100910003E20413D2558202B2028484C293D255874
:10092000203D200041444320412C28484C29202DC3
:100930003E20413D2558202B2028484C293D255854
:10094000202B2043593D2575203D20005355422042
:1009500028484C29202D3E20413D2558202D202877
:10096000484C293D2558203D200053424320412C2E
:1009700028484C29202D3E20413D2558202D202857
:10098000484C293D2558202D2043593D2575203DB3
:100990002000414E442028484C29202D3E20413D36
:1009A000255820414E442028484C293D2558203DBB
:1009B0002000584F522028484C29202D3E20413DF0
:1009C000255820584F522028484C293D2558203D75
:1009D00020004F522028484C29202D3E20413D2503
:1009E00058204F522028484C293D2558203D2000B2
:1009F00043502028484C29202D3E20413D25582099
:100A00002D2028484C293D2558203D200000466CCB
:100A10006167733D25580D0A0000444A4E5A3A203A
:100A20006F66667365743D255820504320616E746F
:100A30006573203D20254C582042203D2025580A32
:100A40000D00444A4E5A3A206F66667365743D2520
:100A500058205043203D20254C582042203D202541
:100A6000580A0D00494E20412C28255829202D3E9A
:100A70002000494E2025732C284329202D3E20009C
:100A800056616C6F723D25580D0A00004F55542079
:100A9000282558292C41202D3E20413D25580D0A5E
:100AA00000004F5554202843292C2573202D3E202B
:100AB00025733D25580D0A00494E49202D3E200042
:100AC000423D25582028484C293D25580D0A000054
:100AD000494E4952202D3E200000436F6D706C65D9
:100AE000746F0D0A00004F555449202D3E20000020
:100AF000423D255820446174613D25580D0A00008F
:100B00004F544952202D3E200000436F6D706C659C
:100B1000746F0D0A00002A2A2A20435055204841AC
:100B20004C5445442061742050433D254C5820507E
:100B3000435F52455455524E3D254C58202A2A2A8F
:100B40000D0A0000496E74657272757074732064CA
:100B5000697361626C65640D0A00496E7465727236
:100B60007570747320656E61626C65640D0A0000B7
:100B7000556E6B6E6F776E204544206F70636F64A7
:100B8000653A2025580D0A00524C432028484C292C
:100B9000202D3E2028484C293D25580D0A00524C56
:100BA00043202573202D3E2025733D25580D0A0036
:100BB0005252432028484C29202D3E2028484C29B9
:100BC0003D25580A0D00525243202573202D3E200A
:100BD00025733D25580A0D00524C2028484C2920E9
:100BE0002D3E2028484C293D25580A0D0000524C26
:100BF000202573202D3E2025733D25580A0D000029
:100C000052522028484C29202D3E2028484C293D6E
:100C100025580A0D00005252202573202D3E202514
:100C2000733D25580A0D0000534C412028484C299B
:100C3000202D3E2028484C293D25580A0D00534CB4
:100C400041202573202D3E2025733D25580A0D0097
:100C50005352412028484C29202D3E2028484C2919
:100C60003D25580A0D00535241202573202D3E206A
:100C700025733D25580A0D0053524C2028484C2915
:100C8000202D3E2028484C293D25580A0D0053525E
:100C90004C202573202D3E2025733D25580A0D003C
:100CA0004249542025642C2573202D3E20463D25A5
:100CB000580A0D005345542025642C28484C2920FF
:100CC0002D3E2028484C293D25580A0D000053454B
:100CD000542025642C2573202D3E2025733D255856
:100CE0000A0D00005245532025642C28484C292029
:100CF0002D3E2028484C293D25580A0D000052451C
:100D0000532025642C2573202D3E2025733D255826
:100D10000A0D00004342202558202D204E4F500A36
:100D20000D004C442028254C58292C4958202D3E94
:100D30002049583D254C580A0D004C442049582C58
:100D400028254C5829202D3E2049583D254C580A2D
:100D50000D004C442053502C4958202D3E20535018
:100D60003D254C580A0D0000455820285350292C89
:100D70004958202D3E2049583D254C582028535095
:100D8000293D254C580A0D004A5020284958292051
:100D90002D3E2050433D254C580A0D00444420254B
:100DA00058202D204E4F500A0D004C442028254C31
:100DB00058292C4959202D3E2049593D254C580A87
:100DC0000D004C442049592C28254C5829202D3EF3
:100DD0002049593D254C580A0D004C4420412C28EF
:100DE00049592B256429202D3E20413D25580A0DC7
:100DF00000004C44202849592B2564292C41202DE2
:100E00003E20413D25580A0D00004C4420422C282C
:100E100049592B256429202D3E20423D25580A0D95
:100E200000004C4420432C2849592B256429202DAF
:100E30003E20433D25580A0D00004C4420442C28F8
:100E400049592B256429202D3E20443D25580A0D63
:100E500000004C4420452C2849592B256429202D7D
:100E60003E20453D25580A0D00004C4420482C28C2
:100E700049592B256429202D3E20483D25580A0D2F
:100E800000004C44204C2C2849592B256429202D46
:100E90003E204C3D25580A0D00004C44202849595D
:100EA0002B2564292C42202D3E20423D25580A0D39
:100EB00000004C44202849592B2564292C43202D1F
:100EC0003E20433D25580A0D00004C442028495936
:100ED0002B2564292C44202D3E20443D25580A0D05
:100EE00000004C44202849592B2564292C45202DED
:100EF0003E20453D25580A0D00004C442028495904
:100F00002B2564292C48202D3E20483D25580A0DCC
:100F100000004C44202849592B2564292C4C202DB5
:100F20003E204C3D25580A0D00004C442053502CC7
:100F30004959202D3E2053503D254C580D0A0000A4
:100F4000455820285350292C4959202D3E204959D5
:100F50003D254C5820285350293D254C580A0D005A
:100F60004A502028495929202D3E2050433D254CE8
:100F7000580A0D004644202558202D204E4F500A77
:100F80000D00556E6B6E6F776E206F70636F6465CA
:100F90003A2025582061742050433D254C580A0DB5
:100FA000000050433A254C58204F503A2558200015
:100FB000413A255820463A255820000042433A2518
:100FC00058255820000044453A255825582000004F
:100FD000484C3A2558255820000053503A254C5883
:100FE000200049583A254C582049593A254C582058
:100FF0000000493A255820523A25580020543A25F5
:101000006C7500004D5245512B5244004D524551D4
:101010002B575200494F5245512B52440000494F23
:101020005245512B5752000049444C4500005D0A7F
:101030000D003D3D3D3D3D3D3D3D3D3D3D3D3D3D4D
:101040003D3D3D3D3D3D3D3D3D3D3D3D3D3D3D3DD0
:101050003D3D3D3D3D3D3D3D3D3D3D3D3D3D3D3DC0
:101060003D0A0D005A38302D504943202D20534958
:101070005354454D4120434F4D504C45544F204310
:101080004F4D2054494D494E4720542D53544154FF
:1010900045530A0D0000544F44415320494E5354C8
:1010A0005255434F4553205A3830202B20494E5437
:1010B0004552525550434F4553202B2044454255ED
:1010C00047202B2054494D494E470A0D00004155F9
:1010D000544F523A204D4152434F5320524F4245B4
:1010E00052544F204252414741203C3E20444154FB
:1010F000413A31362F31302F323032350A0D00006F
:101100002A2A2A204D4F444F2050524F54455553C0
:1011100020434F4D20444542554720444F204241F3
:101120005252414D454E544F202A2A2A0A0D0000A2
:101130003D3D3D3D3D3D3D3D3D3D3D3D3D3D3D3DDF
:101140003D3D3D3D3D3D3D3D3D3D3D3D3D3D3D3DCF
:101150003D3D3D3D3D3D3D3D3D3D3D3D3D3D3D0DEF
:101160000A002A2A2A2A2A2A205245534554205363
:1011700045475552414E43412050524F54455553D7
:10118000202A2A2A2A2A2A0A0D002A2A2A2A2A2A30
:101190002048414C54202D205245494E4943494155
:1011A0004E444F2E2E2E202A2A2A2A2A2A0A0D00A1
:1011B000425553524551203D204C4F5720425553E4
:1011C00041434B203D204C4F570D0A00425553528E
:1011D0004551203D20484947482042555341434B03
:1011E000203D20484947480D0A0096948D94080EEA
:1011F000016E00D00000018E10D0019E0301A033CB
:101200000001D8B08D84D8A08D94018C06D0019CAB
:10121000012EF4D700D000008D84160EE96EE92E61
:10122000FED700D0000001BEE8D701BCF0D7120005
:101230000900F55210E0F6CF99F3F7CF9AF3F8CF03
:101240009BF3F5CFA0F3D1DF99C3F6FF9AC3F7FF65
:101250009BC3F8FFEDD7120097968E8697988E88DD
:1012600097928E8297948E849298898896908D809A
:1012700096928D82929A899A969E8D8E97908E8064
:1012800098908F80000E926E936E946EFF0E956E06
:10129000780E966E000E976EFE0E986E256A266A80
:1012A000236A23C022F0246A0301316B306B2F6B59
:1012B0002E6B336BF00EF66E000EF76E000EF86EAE
:1012C0000001B6DF180EF66E010EF76E000EF86E16
:1012D000AFDF3EEF5CF00900F6CF9CF3F7CF9DF354
:1012E000F8CF9EF3F5CFA0F380DF9CC3F6FF9DC33C
:1012F000F7FF9EC3F8FF03019B2F01D002D000012E
:10130000EAD70001120003019CBF11D00F0E006E3E
:101310009B3900160A0E005C03E2300E002602D054
:101320009C51002600C0A0F300015FDF03010F0EF7
:101330009B170A0E9B5D02E2300E02D09C9F9C51CF
:101340009B279BC3A0F3000150DF120003019C6B9D
:10135000936A99C38AFF9C6B9C6B946A9AC38BFFB8
:101360009AC329F099C328F03451995D03E13551AE
:101370009A5D22E03E0EF66E030EF76E000EF86EDA
:10138000050E9B6F0001A7DF9AC39BF3370E030185
:101390009C6F0001B8DF99C39BF3370E03019C6F6C
:1013A0000001B1DF200E0301A06F00011EDF9AC310
:1013B00035F399C334F30301000112000301A15175
:1013C000016AA05D03E2A0C300F00CD0006A080E21
:1013D000A26FA0370036A151005CD8B0006E013674
:1013E000A22FF7D700011200200E03019BA9300E97
:1013F0009C6F9AC300F09AAF08D0001E002A00C06C
:101400009AF32D0E9C6F9B8F9B8101509AC3A0F382
:10141000640EA16F0001D2DF00C09AF3300E0124E8
:1014200003019D6F9AC3A0F30A0EA16F0001C6DFEE
:10143000300E002403019F6F300E01249E6F9CC369
:1014400000F0300E9D5D04E09B839BBF9B8512D016
:101450009CC39DF3200E9C6F300E9E5D04E09B812B
:101460009BBF9B8307D0D8A49B8104E19DC39EF3BF
:10147000200E9D6F9BB505D09BB307D09BB109D0C3
:101480000CD09CC3A0F30001B0DE9DC3A0F300010B
:10149000ACDE9EC3A0F30001A8DE9FC3A0F3000151
:1014A000A4DE1200EE0EF66E020EF76E000EF86E5F
:1014B000BFDE000E2BB0010E0301996FFA0EF66E1F
:1014C000020EF76E000EF86E060E9B6F000103DF32
:1014D00099C39AF3180E03019B6F000185DF000E7C
:1014E0002BB2010E0301996F040EF66E030EF76E18
:1014F000000EF86E070E9B6F0001EDDE99C39AF3A4
:10150000180E03019B6F00016FDF000E2BB4010E5C
:101510000301996F0E0EF66E030EF76E000EF86E55
:10152000040E9B6F0001D7DE99C39AF3180E0301D6
:101530009B6F000159DF000E2BB6010E0301996F5E
:10154000160EF66E030EF76E000EF86E040E9B6F0D
:101550000001C1DE99C39AF3180E03019B6F0001CD
:1015600043DF000E2BB8010E0301996F1E0EF66EBD
:10157000030EF76E000EF86E040E9B6F0001ABDEDB
:1015800099C39AF3180E03019B6F00012DDF2BAA5C
:1015900002D02BBC2CD0000E2BBA010E0301996F88
:1015A000260EF66E030EF76E000EF86E080E9B6F99
:1015B000000191DE99C39AF3180E03019B6F00019D
:1015C00013DF000E2BBC010E0301996F320EF66E75
:1015D000030EF76E000EF86E080E9B6F00017BDEA7
:1015E00099C39AF3180E03019B6F0001FDDE0A0EEA
:1015F0000301A06F0001F9DD0D0E0301A06F0001D2
:10160000F4DD1200FF0E956E97C39AF396C399F31B
:101610009DDE2B902B942B862B8296928D92979207
:101620008E9297948E8496908D80010E276E030182
:1016300097517F0807E32B9A2B8C97968E96979855
:101640008E8806D02B8A2B9C97968E8697988E989C
:10165000020E006E002EFED700D00000480EF66E7F
:10166000030EF76E000EF86E070E9B6F000133DE5F
:1016700097C39BF3370E03019C6F000144DE96C3B2
:101680009BF3370E03019C6F00013DDE200E03012A
:10169000A06F0001AADD06DF12002B802B842B86B1
:1016A0002B882B8A2B8C97928E8296928D82929881
:1016B000898897968E8697988E88FF0E956E276AF2
:1016C000956883CF96F3540EF66E030EF76E000EF8
:1016D000F86E090E03019B6F0001FDDD1EC09BF338
:1016E000370E03019C6F00010EDE200E0301A06F78
:1016F00000017BDDD7DE020E006E002EFED700D08B
:1017000000001200EACF9BF3E9CF9AF3030194396A
:10171000F009966F9627E20F976F320F996F9451E9
:101720000F0B972797279927E90F986F98279827E6
:1017300093390F0B9827992798379937991F99371D
:1017400093510F0B99279637070E956F0A0E98073E
:101750009927FDE397079827FDE396079727FDE371
:1017600095079627FDE3030EEA6E950EE96E070EC8
:101770009A159A9DE926990EE95CD8B49A8DEF5096
:10178000006E08E19ABD06D09AB915D09AB702D07A
:10179000200E03D09A879A99300E0026EACF94F350
:1017A000E9CF93F300C0A0F300011FDD94C3EAFF6B
:1017B00093C3E9FF0301EE509AADDDD7000151EF6D
:1017C0000CF02B9892988998080EF66E040EF76E1E
:1017D000000EF86E2DDD05C097F304C096F312DFFE
:1017E0000301916B906B968A84BA10D091511308C3
:1017F0000DE303E19051870809E3A60E006E002E69
:10180000FED70000902BD8B4912BEDD7956883CFED
:1018100092F392C31EF0000140DF97908E90000E6D
:101820001D100301936F976B966F0001EBDE0301B0
:10183000916B906B968A84BA10D0915113080DE386
:1018400003E19051870809E3A60E006E002EFED733
:101850000000902BD8B4912BEDD700011EDF97909C
:101860008E802B8892988988042AD8B4052A010E84
:101870001D247F0B1D6E0301905302E191531DE067
:10188000160EF66E040EF76E000EF86E070E9B6FC6
:10189000000121DD100EE96E91C394F390C393F320
:1018A00031D7200EF66E040EF76E000EF86E090E9C
:1018B00003019B6F00010FDD03012A0EF66E040E7B
:1018C000F76E000EF86E090E9B6F000104DD92C3E7
:1018D0009BF3370E03019C6F000115DD350EF66E8C
:1018E000040EF76E000EF86E070E03019B6F0001E9
:1018F000F2DC05C09BF3370E03019C6F000103DD92
:1019000004C09BF3370E03019C6F0001FCDC3F0E0B
:10191000F66E040EF76E000EF86E060E03019B6F56
:101920000001D9DC1DC09BF3370E03019C6F000141
:10193000EADC0A0E0301A06F000157DC0D0E030163
:10194000A06F000152DC030192C301F000011200FC
:10195000D8B204D0030EEA6E520EE96E006A016A34
:10196000026A036A0301526B536B546B556B5151FE
:1019700050114F114E112CE0200E566FD8904A375F
:101980004B374C374D375237533754375537515102
:10199000555D08E15051545D05E14F51535D02E141
:1019A0004E51525D0FE34E51525F4F51D8A04F3D03
:1019B000535F5051D8A0503D545F5151D8A0513D74
:1019C000555FD8800036013602360336562FD6D7FB
:1019D00052C3EFFF53C3ECFF54C3ECFF55C3ECFFFE
:1019E00000011200E9500301426F3B0E496F9A0E4D
:1019F000486FCA0E476F466B0A0E446FD882030EBB
:101A0000EA6E3E0EE96E41C34DF340C34CF33FC353
:101A10004BF33EC34AF349C351F348C350F347C3A2
:101A20004FF346C34EF3000193DF0150005213E120
:101A300003014451010AD8A402D000010CD0425144
:101A40000CE00F0B445D01E010E242BF0ED042BD3E
:101A500004D0200E03D00301426B300E002600C0DC
:101A6000A0F30001F5EC08F00301D89249C34DF34F
:101A700048C34CF347C34BF346C34AF3516B506B17
:101A80004F6B0A0E4E6F000163DF03C049F302C0C3
:101A900048F301C047F300C046F30301442FAED71B
:101AA0000001B8EF0EF0A20EF66E0F0EF76E000EEC
:101AB000F86E030E03019B6F00010DDC3CC39BF32A
:101AC000370E03019C6F00011EDC3BC39BF3370EF6
:101AD00003019C6F000117DCA80EF66E0F0EF76E67
:101AE000000EF86E040E03019B6F00016BEC09F011
:101AF0003DC39BF3370E03019C6F000104DC200EF5
:101B00000301A06F0001F5EC08F0410E0301A06F86
:101B10000001F5EC08F03A0E0301A06F0001F5ECAE
:101B200008F00CC09BF3370E03019C6F000183EC9F
:101B300009F0B40EF66E0F0EF76E000EF86E030E7F
:101B400003019B6F00016BEC09F00DC09BF3370E96
:101B500003019C6F000183EC09F0200E0301A06FCC
:101B60000001F5EC08F0BC0EF66E0F0EF76E000EDD
:101B7000F86E030E03019B6F00016BEC09F00EC0C1
:101B80009BF3370E03019C6F000183EC09F00FC03B
:101B90009BF3370E03019C6F000183EC09F0200ECC
:101BA0000301A06F0001F5EC08F0C60EF66E0F0EF3
:101BB000F76E000EF86E030E03019B6F00016BECD5
:101BC00009F010C09BF3370E03019C6F000183ECFA
:101BD00009F011C09BF3370E03019C6F000183ECE9
:101BE00009F0200E0301A06F0001F5EC08F0D00E03
:101BF000F66E0F0EF76E000EF86E030E03019B6F6C
:101C000000016BEC09F012C09BF3370E03019C6FCF
:101C1000000183EC09F013C09BF3370E03019C6FA6
:101C2000000183EC09F0200E0301A06F0001F5EC28
:101C300008F0DA0EF66E0F0EF76E000EF86E030E59
:101C400003019B6F00016BEC09F007C09BF3370E9B
:101C500003019C6F000183EC09F006C09BF3370E73
:101C600003019C6F000183EC09F0200E0301A06FBB
:101C70000001F5EC08F0E20EF66E0F0EF76E000EA6
:101C8000F86E030E03019B6F00016BEC09F009C0B5
:101C90009BF3370E03019C6F000183EC09F008C031
:101CA0009BF3370E03019C6F000183EC09F0E80EF3
:101CB000F66E0F0EF76E000EF86E040E03019B6FAA
:101CC00000016BEC09F00BC09BF3370E03019C6F16
:101CD000000183EC09F00AC09BF3370E03019C6FEF
:101CE000000183EC09F0200E0301A06F0001F5EC68
:101CF00008F0490E0301A06F0001F5EC08F03A0E60
:101D00000301A06F0001F5EC08F01CC09BF3370E37
:101D100003019C6F000183EC09F0F60EF66E0F0EC6
:101D2000F76E000EF86E030E03019B6F00016BEC63
:101D300009F01DC09BF3370E03019C6F000183EC7B
:101D400009F0FC0EF66E0F0EF76E000EF86E030E25
:101D500003019B6F00016BEC09F0410EE96E31C38A
:101D600041F330C340F32FC33FF32EC33EF33AD6C3
:101D7000200E0301A06F0001F5EC08F05B0E0301DB
:101D8000A06F0001F5EC08F02750010A07E0030AF4
:101D90000EE0010A15E0070A1CE024D0040EF66EDE
:101DA000100EF76E000EF86E18EC09F023D00C0E32
:101DB000F66E100EF76E000EF86E18EC09F01AD0E1
:101DC000140EF66E100EF76E000EF86E18EC09F099
:101DD00011D01E0EF66E100EF76E000EF86E18EC97
:101DE00009F008D0280EF66E100EF76E000EF86E91
:101DF00018EC09F05D0E0301A06F0001F5EC08F08E
:101E0000200E0301A06F0001F5EC08F05B0E03014A
:101E1000A06F0001F5EC08F00DAE07D0530E0301E2
:101E2000A06F0001F5EC08F006D0200E0301A06FB2
:101E30000001F5EC08F00DAC07D05A0E0301A06FBD
:101E40000001F5EC08F006D0200E0301A06F0001A0
:101E5000F5EC08F00DA807D0480E0301A06F0001B3
:101E6000F5EC08F006D0200E0301A06F0001F5ECA0
:101E700008F00DA407D0500E0301A06F0001F5EC8F
:101E800008F006D0200E0301A06F0001F5EC08F069
:101E90000DA207D04E0E0301A06F0001F5EC08F073
:101EA00006D0200E0301A06F0001F5EC08F00DA094
:101EB00007D0430E0301A06F0001F5EC08F006D037
:101EC000200E0301A06F0001F5EC08F02E0EF66E57
:101ED000100EF76E000EF86E18EC09F083EF5CF050
:101EE000000E956E956A98C38CFF97C39AF396C3BC
:101EF00099F3A6EC09F02B902B842B962B822B8A3E
:101F00002B9C96928D9297948E9497928E82969017
:101F10008D8097968E8697988E98020E276E98C31E
:101F20002AF0020E006E002EFED700D00000620ED6
:101F3000F66E030EF76E000EF86E070E03019B6F30
:101F400000016BEC09F097C39BF3370E03019C6F04
:101F5000000183EC09F096C39BF3370E03019C6FDD
:101F6000000183EC09F03C0E0301A06F0001F5ECC9
:101F700008F02D0E0301A06F0001F5EC08F098C3E6
:101F80009BF3370E03019C6F000183EC09F0200ED8
:101F90000301A06F0001F5EC08F052EC0AF026EF07
:101FA00010F02B802B862B8C97948E8496928D82AA
:101FB00097988E88FF0E956E276A020E006E002E8F
:101FC000FED700D00000720EF66E030EF76E000E04
:101FD000F86E18EC09F052EC0AF027EF10F003014C
:101FE00094517F080BE3E20EF66E030EF76E000EBF
:101FF000F86E000118EC09F022D00301F80EF66E1D
:10200000030EF76E000EF86E0A0E9B6F00016BEC6C
:1020100009F094C39BF3370E03019C6F000183EC1E
:1020200009F093C39BF3370E03019C6F000183EC0F
:1020300009F03D0E0301A06F0001F5EC08F094C318
:1020400097F393C396F395C398F34AD7AAD7120090
:10205000640EF66E010EF76E000EF86E18EC09F0C5
:1020600022C023F0226A0650D8B40706060605C02F
:102070008AF303018B6B8B6B07C094F306C093F359
:1020800005C095F30001ABDF0650D8B4070606067D
:1020900004C08AF303018B6B07C094F306C093F36B
:1020A00004C095F300019BDF056A660E046E7A0E8C
:1020B000F66E010EF76E000EF86E0F0E03019B6FA9
:1020C00000016BEC09F005C09BF3370E03019C6F18
:1020D000000183EC09F004C09BF3370E03019C6FF1
:1020E000000183EC09F08C0EF66E010EF76E000E07
:1020F000F86E160E03019B6F00016BEC09F01CEFEC
:1021000012F0030194517F0829E3C20EF66E030E0C
:10211000F76E000EF86E090E9B6F00016BEC09F074
:1021200094C39BF3370E03019C6F000183EC09F00D
:1021300093C39BF3370E03019C6F000183EC09F0FE
:102140003D0E0301A06F0001F5EC08F0200E030125
:10215000A06F0001F5EC08F028D00301D20EF66E56
:10216000030EF76E000EF86E090E9B6F00016BEC0C
:1021700009F094C39BF3370E03019C6F000183ECBD
:1021800009F093C39BF3370E03019C6F000183ECAE
:1021900009F03D0E0301A06F0001F5EC08F0200EE0
:1021A0000301A06F0001F5EC08F094C397F393C30B
:1021B00096F302EC0BF0956883CF95F34DEC0BF0A2
:1021C000030195C301F000011200A40EF66E010E8A
:1021D000F76E000EF86E1A0E03019B6F00016BEC98
:1021E00009F024C09AF3180E03019B6F0001F4EC70
:1021F00009F0C00EF66E010EF76E000EF86E060EB8
:1022000003019B6F00016BEC09F0236A23C022F0ED
:102210000650D8B40706060605C08EF303018F6B7F
:102220008F6B07C094F306C093F305C095F30001CC
:10223000D6DE0650D8B40706060604C08EF30301A6
:102240008F6B07C094F306C093F304C095F30001AD
:10225000C6DE245005E0010A35E0030A3FE0E4D081
:10226000C80EF66E010EF76E000EF86E18EC09F04F
:1022700098908F90956883CF20F098908F80F00E83
:10228000F66E010EF76E000EF86E150E03019B6FD1
:1022900000016BEC09F020C09BF3370E03019C6F2B
:1022A000000183EC09F0070EF66E020EF76E000EC9
:1022B000F86E0A0E03019B6F00016BEC09F0010E32
:1022C000216EB2D0120EF66E020EF76E000EF86E90
:1022D00018EC09F0056A380E046EA6D02C0EF66EC6
:1022E000020EF76E000EF86E0D0E03019B6F0001DB
:1022F0006BEC09F01CC09BF3370E03019C6F0001CF
:1023000083EC09F03B0EF66E020EF76E000EF86ECF
:10231000170E03019B6F00016BEC09F098908F90F2
:10232000956883CF1FF098908F8003018F6B1CC03E
:102330008EF31CC08FF38E6B8E511F108A6F1CC0E2
:102340008BF38BC394F38AC393F30001DADE0301AA
:102350008D6B01C08CF3010E8A258E6F000E8B21D0
:102360008F6F946F8EC393F30001CBDE000E0301D9
:102370008C138DC305F08CC304F0540EF66E020E60
:10238000F76E000EF86E0F0E9B6F00016BEC09F0FC
:102390008BC39BF3370E03019C6F000183EC09F0A4
:1023A0008AC39BF3370E03019C6F000183EC09F095
:1023B000660EF66E020EF76E000EF86E0E0E03013C
:1023C0009B6F00016BEC09F01FC09BF3370E0301FC
:1023D0009C6F000183EC09F0770EF66E020EF76E2B
:1023E000000EF86E070E03019B6F00016BEC09F005
:1023F00005C09BF3370E03019C6F000183EC09F0CD
:1024000004C09BF3370E03019C6F000183EC09F0BD
:102410000D0E0301A06F0001F5EC08F00A0E030198
:10242000A06F0001F5EC08F023EF12F0265205E052
:10243000225203E0266A0CD606D0255204E022522E
:1024400002E0256AC2D606EF35F003018C51010A7D
:10245000000107E0030A10E0010A19E0070A17E08B
:1024600023D0036A03018B512E0FE96E020E032065
:10247000EA6EEFCF8DF322D0036A03018B512E0F4A
:10248000E96E010E0320EA6EEFCF8DF317D0036AD9
:1024900003018B512E0FE96E000E0320EA6E040E2D
:1024A000EF248D6F0BD00001036A03018B512E0FB7
:1024B000E96E000E0320EA6EEFCF8DF38D51140804
:1024C00002E2050E8D6F8DC301F0000180EF12F066
:1024D00003018B5303E18C5301E10AD08B5302E1DA
:1024E0008C5306E0020E006E002EFED700D00000D6
:1024F000000188EF12F032C38BF333C38CF3A5D7FE
:1025000001C08AF303018C6B8AC38BF30001E0D70F
:1025100003018A512E27000E2F2330233123CE0EA4
:10252000F66E000EF76E000EF86E030E9B6F000144
:102530006BEC09F08AC39AF3180E03019B6F00013C
:10254000F4EC09F05D0E0301A06F0001F5EC08F05A
:10255000200E0301A06F0001F5EC08F02CEF35F020
:10256000DEEF56F08DC303F08CC38EF38DC38FF373
:102570000001E1EC0BF08FC3EAFF8EC3E9FF01C05D
:10258000EFFF8BC303F08AC38EF38BC38FF300017D
:10259000E1EC0BF08FC3EAFF8EC3E9FF01C0EFFF50
:1025A000120003018B6B0E0E8A6F8D6B0F0E8C6FFA
:1025B0000001D8DFDEEF56F003018B6B100E8A6F3F
:1025C0008D6B110E8C6F0001CDDFDEEF56F0030135
:1025D0008B6B120E8A6F8D6B130E8C6F0001C2DF36
:1025E000DEEF56F0E1EC0BF001C08AF3E1EC0BF00A
:1025F00001C08BF303018BC38CF38C6B8C518A115C
:10260000066E8BC307F00001DEEF56F00D6A030182
:102610009253D8B40D8C92BF0D8E936B92C394F3EA
:10262000945306E09451010B9327D8909433F8D734
:102630009351010BD8B40D84000112008BC303F039
:102640008AC38CF38BC38DF30001E1EC0BF08DC3D7
:10265000EAFF8CC3E9FF01C0EFFF8BC303F08AC31D
:10266000E9FF8BC3EAFFEFCF8CF38CC392F3000139
:10267000CDDF120003010EC08CF38C6B8C510F1058
:102680008A6F0EC08BF38BC394F38AC393F300015C
:1026900038DD01C00CF00CC092F3B8DFDEEF56F06D
:1026A000030110C08CF38C6B8C5111108A6F10C019
:1026B0008BF38BC394F38AC393F3000122DD01C033
:1026C0000CF00CC092F3A2DFDEEF56F0030112C053
:1026D0008CF38C6B8C5113108A6F12C08BF38BC3ED
:1026E00094F38AC393F300010CDD01C00CF00CC01D
:1026F00092F38CDFDEEF56F0E1EC0BF003018B6B15
:1027000001C08AF30001E1EC0BF00301000E8A1313
:1027100001508B138BC394F38AC393F30001F1DC54
:1027200001C00CF00CC092F371DFDEEF56F0030134
:102730000EC08CF38C6B8C510F108A6F0EC08BF314
:102740008BC394F38AC393F30CC095F3000147DC69
:10275000DEEF56F0030110C08CF38C6B8C5111101E
:102760008A6F10C08BF38BC394F38AC393F30CC0AE
:1027700095F3000134DCDEEF56F0E1EC0BF00301E1
:102780008B6B01C08AF30001E1EC0BF00301000E3A
:102790008A1301508B138BC394F38AC393F30CC039
:1027A00095F300011CDCDEEF56F0E1EC0BF001C00C
:1027B0008AF3030112C08DF38D6B8D5113108B6F53
:1027C00012C08CF38CC394F38BC393F38AC395F339
:1027D000000105DCB60EF66E080EF76E000EF86E00
:1027E000120E03019B6F00016BEC09F08CC39BF38D
:1027F000370E03019C6F000183EC09F08BC39BF340
:10280000370E03019C6F000183EC09F0CB0EF66ECE
:10281000080EF76E000EF86E080E03019B6F0001A4
:102820006BEC09F08AC39BF3370E03019C6F000128
:1028300083EC09F00D0E0301A06F0001F5EC08F028
:102840000A0E0301A06F0001F5EC08F0DEEF56F070
:10285000030112C08CF38C6B8C5113108A6F12C061
:102860008BF38BC394F38AC393F30CC095F30001ED
:10287000EFEC0FF0DEEF56F00D6A03019551000802
:10288000D8A00D8092510F0B966F93510F0B962588
:102890000F08D8A00D889453D8B40D8C9451800B98
:1028A000006E036A00500310D8A40D8E9251800B65
:1028B000966F9351800B965D08E19451800B966F53
:1028C0009251800B965D01E00D840001120003011E
:1028D0008D510C248E6F8F6B0CC092F38DC393F3CC
:1028E0008FC395F38EC394F30001C6DF8EC30CF043
:1028F00012000CC08DF3EBDFDEEF56F00EC08DF34F
:10290000E6DFDEEF56F00FC08DF3E1DFDEEF56F0CD
:1029100010C08DF3DCDFDEEF56F011C08DF3D7DF92
:10292000DEEF56F012C08DF3D2DFDEEF56F013C0AB
:102930008DF3CDDFDEEF56F0E1EC0BF001C08AF352
:1029400001C08DF3C4DFDEEF56F003018E510C247D
:10295000916F0DA003D0036A010E02D0036A000E2E
:1029600091258F6F000E0320906F0DA002D0010EF5
:1029700001D0000E8E25916F0CC092F3936F90C31F
:1029800095F38FC394F3000177DF8FC30CF012002F
:102990000CC08EF3DADFDEEF56F00EC08EF3D5DF1B
:1029A000DEEF56F00FC08EF3D0DFDEEF56F010C032
:1029B0008EF3CBDFDEEF56F011C08EF3C6DFDEEF15
:1029C00056F012C08EF3C1DFDEEF56F013C08EF367
:1029D000BCDFDEEF56F0E1EC0BF001C08AF301C082
:1029E0008EF3B3DFDEEF56F0020E0D6E030192514F
:1029F0000F0B966F93510F0B965DD8A00D889453D3
:102A0000D8B40D8C9451800B006E036A00500310F3
:102A1000D8A40D8E9251800B966F9351800B965DCA
:102A200008E09451800B966F9251800B965D01E007
:102A30000D840001120003018D510C5C8E6F8F6BB1
:102A40000CC092F38DC393F38FC395F38EC394F3AD
:102A50000001CADF8EC30CF012000CC08DF3EBDF57
:102A6000DEEF56F00EC08DF3E6DFDEEF56F00FC05E
:102A70008DF3E1DFDEEF56F010C08DF3DCDFDEEF2B
:102A800056F011C08DF3D7DFDEEF56F012C08DF394
:102A9000D2DFDEEF56F013C08DF3CDDFDEEF56F060
:102AA000E1EC0BF001C08AF301C08DF3C4DFDEEF6F
:102AB00056F003018E510C5C916F0DA003D0036A98
:102AC000010E02D0036A000E915D8F6F000E035459
:102AD000906F0DA002D0010E01D0000E8E25916FD7
:102AE0000CC092F3936F90C395F38FC394F30001DE
:102AF0007BDF8FC30CF012000CC08EF3DADFDEEF49
:102B000056F00EC08EF3D5DFDEEF56F00FC08EF319
:102B1000D0DFDEEF56F010C08EF3CBDFDEEF56F0E5
:102B200011C08EF3C6DFDEEF56F012C08EF3C1DFA8
:102B3000DEEF56F013C08EF3BCDFDEEF56F0E1ECB3
:102B40000BF001C08AF301C08EF3B3DFDEEF56F065
:102B50000D6A03019053D8B40D8C90BF0D8E916B0C
:102B600090C392F3925306E09251010B9127D890B3
:102B70009233F8D79151010BD8B40D8400011200A3
:102B800003018D510C160CC090F30001E1DF0D889C
:102B900012000CC08DF3F4DFDEEF56F00EC08DF3A3
:102BA000EFDFDEEF56F00FC08DF3EADFDEEF56F019
:102BB00010C08DF3E5DFDEEF56F011C08DF3E0DFDE
:102BC000DEEF56F012C08DF3DBDFDEEF56F013C000
:102BD0008DF3D6DFDEEF56F0E1EC0BF001C08AF3A7
:102BE00001C08DF3CDDFDEEF56F003018D510C12E5
:102BF0000CC090F30001ACDF12000CC08DF3F5DFC8
:102C0000DEEF56F00EC08DF3F0DFDEEF56F00FC0B2
:102C10008DF3EBDFDEEF56F010C08DF3E6DFDEEF75
:102C200056F011C08DF3E1DFDEEF56F012C08DF3E8
:102C3000DCDFDEEF56F013C08DF3D7DFDEEF56F0AA
:102C4000E1EC0BF001C08AF301C08DF3CEDFDEEFC3
:102C500056F003018D510C1A0CC090F3000178DF7F
:102C600012000CC08DF3F5DFDEEF56F00EC08DF3D1
:102C7000F0DFDEEF56F00FC08DF3EBDFDEEF56F046
:102C800010C08DF3E6DFDEEF56F011C08DF3E1DF0B
:102C9000DEEF56F012C08DF3DCDFDEEF56F013C02E
:102CA0008DF3D7DFDEEF56F0E1EC0BF001C08AF3D5
:102CB00001C08DF3CEDFDEEF56F003018D510C5CC9
:102CC0008E6F8F6B0CC092F38DC393F38FC395F30C
:102CD0008EC394F3000188DE12000CC08DF3EDDF8B
:102CE000DEEF56F00EC08DF3E8DFDEEF56F00FC0DA
:102CF0008DF3E3DFDEEF56F010C08DF3DEDFDEEFA5
:102D000056F011C08DF3D9DFDEEF56F012C08DF30F
:102D1000D4DFDEEF56F013C08DF3CFDFDEEF56F0D9
:102D2000E1EC0BF001C08AF301C08DF3C6DFDEEFEA
:102D300056F003018AC3E9FF8BC3EAFFEF2A8BC376
:102D400003F08AC3E9FF8BC3EAFFEFCF8CF38CC398
:102D500092F300015BDC0D90120003018B6B0C0EF3
:102D60008A6F0001E6DFDEEF56F003018B6B0E0E7B
:102D70008A6F0001DEDFDEEF56F003018B6B0F0E72
:102D80008A6F0001D6DFDEEF56F003018B6B100E69
:102D90008A6F0001CEDFDEEF56F003018B6B110E60
:102DA0008A6F0001C6DFDEEF56F003018B6B120E57
:102DB0008A6F0001BEDFDEEF56F003018B6B130E4E
:102DC0008A6F0001B6DFDEEF56F003018AC3E9FF28
:102DD0008BC3EAFFEF068BC303F08AC3E9FF8BC303
:102DE000EAFFEFCF8CF38CC392F300010FDC0D826E
:102DF0000D90120003018B6B0C0E8A6F0001E5DF52
:102E0000DEEF56F003018B6B0E0E8A6F0001DDDFE3
:102E1000DEEF56F003018B6B0F0E8A6F0001D5DFDA
:102E2000DEEF56F003018B6B100E8A6F0001CDDFD1
:102E3000DEEF56F003018B6B110E8A6F0001C5DFC8
:102E4000DEEF56F003018B6B120E8A6F0001BDDFBF
:102E5000DEEF56F003018B6B130E8A6F0001B5DFB6
:102E6000DEEF56F003018AC3E9FF8BC3EAFFEF50A0
:102E7000916B906F916F906B8CC3E9FF8DC3EAFFEC
:102E8000EF5090118E6F91C38FF38E2BD8B48F2B90
:102E90008BC303F08AC3E9FF8BC3EAFF8FC3EFFF45
:102EA0008DC303F08CC3E9FF8DC3EAFF8EC3EFFF30
:102EB0000001120003018B6B0E0E8A6F8D6B0F0EDB
:102EC0008C6F0001CFDFDEEF56F003018B6B100E2D
:102ED0008A6F8D6B110E8C6F0001C4DFDEEF56F030
:102EE00003018B6B120E8A6F8D6B130E8C6F0001BA
:102EF000B9DFDEEF56F0062AD8B4072ADEEF56F027
:102F000003018AC3E9FF8BC3EAFFEF50916B906F17
:102F1000916F906B8CC3E9FF8DC3EAFFEF50901166
:102F20008E6F91C38FF38E51D8B48F078E078BC3EA
:102F300003F08AC3E9FF8BC3EAFF8FC3EFFF8DC3A2
:102F400003F08CC3E9FF8DC3EAFF8EC3EFFF0001DE
:102F5000120003018B6B0E0E8A6F8D6B0F0E8C6F40
:102F60000001CEDFDEEF56F003018B6B100E8A6F8F
:102F70008D6B110E8C6F0001C3DFDEEF56F0030185
:102F80008B6B120E8A6F8D6B130E8C6F0001B8DF86
:102F9000DEEF56F00650D8B407060606DEEF56F010
:102FA0000301996B12C098F312C099F3986B985172
:102FB0001310906F12C091F38EC398F3986B9851D1
:102FC0008F11926F8EC393F392519025946F93510A
:102FD0009121956F966B976BEC0E0D16006A016A46
:102FE0009651010B026E036A005206E1015204E1A0
:102FF000025202E10352D8A40D8090C398F391517C
:103000000F0B996F92C300F093510F0B036E925107
:1030100098270350992399510F08D8A00D8895C37C
:1030200012F094C313F0000112000EC08EF30FC013
:103030008FF3B6DFDEEF56F010C08EF311C08FF3C2
:10304000AFDFDEEF56F012C08EF313C08FF3A8DFB0
:10305000DEEF56F007C08AF303018B6B06C08CF3DA
:103060008D6B07C08EF306C08FF3000199DFDEEF92
:1030700056F00CAE02D0010E01D0000E03018A6F93
:10308000D8900C348B6F8A5302E0010E01D0000EF1
:103090008B110C6E0D50EC0B8A110D6E0001DEEFE2
:1030A00056F00CA002D0010E01D0000E03018A6F71
:1030B000D8900C308B6F8A5302E0800E01D0000E46
:1030C0008B110C6E0D50EC0B8A110D6E0001DEEFB2
:1030D00056F00DA002D0010E01D0000E03018A6F40
:1030E0000CAE02D0010E01D0000E8B6FD8900C34C4
:1030F0008A110C6E0D50EC0B8B110D6E0001DEEF82
:1031000056F00DA002D0800E01D0000E03018A6F90
:103110000CA002D0010E01D0000E8B6FD8900C30A5
:103120008A110C6E0D50EC0B8B110D6E0001DEEF51
:1031300056F0E1EC0BF003018B6B01C08AF3000148
:10314000E1EC0BF00301000E8A1301508B138BC3CB
:1031500005F08AC304F00001DEEF56F0E1EC0BF05D
:1031600001C08AF3036A03018A51E8BE03060424FE
:10317000016E0550032201C004F003C005F00001F8
:10318000DEEF56F0E1EC0BF001C08AF31A0EF66E9A
:103190000A0EF76E000EF86E0D0E03019B6F000114
:1031A0006BEC09F08AC39BF3370E03019C6F00019F
:1031B00083EC09F0290EF66E0A0EF76E000EF86E1B
:1031C0000C0E03019B6F00016BEC09F005C09BF333
:1031D000370E03019C6F000183EC09F004C09BF3E0
:1031E000370E03019C6F000183EC09F0380EF66E78
:1031F0000A0EF76E000EF86E050E03019B6F0001BC
:103200006BEC09F00EC09BF3370E03019C6F0001BD
:1032100083EC09F00A0E0301A06F0001F5EC08F041
:103220000D0E0301A06F0001F5EC08F00E060E5222
:103230000EE0036A03018A51E8BE03060424016E0E
:103240000550032201C004F003C005F00001420E46
:10325000F66E0A0EF76E000EF86E0D0E03019B6FF0
:1032600000016BEC09F08AC39BF3370E03019C6FDE
:10327000000183EC09F0510EF66E0A0EF76E000E97
:10328000F86E060E03019B6F00016BEC09F005C0A0
:103290009BF3370E03019C6F000183EC09F004C01F
:1032A0009BF3370E03019C6F000183EC09F05A0E6B
:1032B000F66E0A0EF76E000EF86E050E03019B6F98
:1032C00000016BEC09F00EC09BF3370E03019C6FFD
:1032D000000183EC09F00A0E0301A06F0001F5EC78
:1032E00008F00D0E0301A06F0001F5EC08F0DEEF11
:1032F00056F0E1EC0BF003018C6B01C08BF3000185
:10330000E1EC0BF0000E03018B138D6B8A51F80F6B
:103310002DE2080F0001BEEF19F003018D6B0DAC1B
:103320008D2B24D00D50400B03018D6F1FD0030156
:103330008D6B0DA08D2B1AD00D50010B03018D6FDD
:1033400015D003018D6B0DA48D2B10D00D50040BE7
:1033500003018D6F0BD003018D6B0DAE8D2B06D04D
:103360000D50800B03018D6F01D003018D5304E0DC
:103370008CC305F08BC304F000011200E824F76A47
:10338000F7369D0FF66E330EF722000EF86EFB6EC9
:103390000A00F550FA6E0800F550F96E1A3324331E
:1033A0002E33383342334C3356336033E1EC0BF079
:1033B00001C08AF30DBC2DD0036A03018A51E8BE17
:1033C00003060424016E0550032201C004F003C06B
:1033D00005F0D80EF66E070EF76E000EF86E140E9E
:1033E0009B6F00016BEC09F08AC39AF3180E03017E
:1033F0009B6F0001F4EC09F00D0E0301A06F0001BA
:10340000F5EC08F00A0E0301A06F0001F5EC08F0DE
:1034100008D0F20EF66E070EF76E000EF86E18EC7E
:1034200009F0DEEF56F0E1EC0BF001C08AF30DACD1
:103430002DD0036A03018A51E8BE03060424016EFD
:103440000550032201C004F003C005F0060EF66E1D
:10345000080EF76E000EF86E130E9B6F00016BECFA
:1034600009F08AC39AF3180E03019B6F0001F4EC74
:1034700009F00D0E0301A06F0001F5EC08F00A0E33
:103480000301A06F0001F5EC08F008D01E0EF66EE7
:10349000080EF76E000EF86E18EC09F0DEEF56F02D
:1034A000E1EC0BF001C08AF30DB02DD0036A0301EB
:1034B0008A51E8BE03060424016E0550032201C0B0
:1034C00004F003C005F0300EF66E080EF76E000E25
:1034D000F86E140E9B6F00016BEC09F08AC39AF32F
:1034E000180E03019B6F0001F4EC09F00D0E0301AF
:1034F000A06F0001F5EC08F00A0E0301A06F0001B7
:10350000F5EC08F008D04A0EF66E080EF76E000EC5
:10351000F86E18EC09F0DEEF56F0E1EC0BF001C0AC
:103520008AF30DA02DD0036A03018A51E8BE030679
:103530000424016E0550032201C004F003C005F00D
:103540005E0EF66E080EF76E000EF86E130E9B6F91
:1035500000016BEC09F08AC39AF3180E03019B6F0C
:103560000001F4EC09F00D0E0301A06F0001F5EC71
:1035700008F00A0E0301A06F0001F5EC08F008D076
:10358000760EF66E080EF76E000EF86E18EC09F067
:10359000DEEF56F0030112C08CF38C6B8C511310CC
:1035A0008A6F12C08BF38BC305F08AC304F0880EB8
:1035B000F66E080EF76E000EF86E100E9B6F00018F
:1035C0006BEC09F08BC39BF3370E03019C6F00017A
:1035D00083EC09F08AC39BF3370E03019C6F000153
:1035E00083EC09F00D0E0301A06F0001F5EC08F06B
:1035F0000A0E0301A06F0001F5EC08F0DEEF56F0B3
:10360000030112C08AF38A6B8A511310066E12C02E
:1036100007F09E0EF66E080EF76E000EF86E110E95
:103620009B6F00016BEC09F007C09BF3370E0301A1
:103630009C6F000183EC09F006C09BF3370E030179
:103640009C6F000183EC09F00D0E0301A06F0001D7
:10365000F5EC08F00A0E0301A06F0001F5EC08F08C
:10366000DEEF56F0E1EC0BF003018B6B01C08AF347
:103670000001E1EC0BF00301000E8A1301508B13E3
:103680000650D8B40706060605C08CF38D6B8D6B0B
:1036900007C094F306C093F305C095F30001EFEC67
:1036A0000FF00650D8B40706060604C08CF30301D9
:1036B0008D6B07C094F306C093F304C095F300012B
:1036C000EFEC0FF08BC305F08AC304F0DEEF56F089
:1036D000E1EC0BF003018C6B01C08BF30001E1EC1A
:1036E0000BF00301000E8B1301508C138D6B8A516C
:1036F000FC0F19E2040F0001BEEF1BF003018D6BFC
:103700000DAC8D2B10D00D50400B03018D6F0BD0E5
:1037100003018D6B0DA08D2B06D00D50010B030105
:103720008D6F01D003018D5327E00650D8B40706F2
:10373000060605C08EF38F6B8F6B07C094F306C02F
:1037400093F305C095F30001EFEC0FF00650D8B4E9
:103750000706060604C08EF303018F6B07C094F3BF
:1037600006C093F304C095F30001EFEC0FF08CC397
:1037700005F08BC304F0030100011200E824F76A8E
:10378000F7369D0FF66E370EF722000EF86EFB6EC1
:103790000A00F550FA6E0800F550F96EFC3606374F
:1037A00010371A3707C094F306C093F381EC10F07A
:1037B00003018D6B01C08CF3062AD8B4072A07C019
:1037C00094F306C093F3000181EC10F00301000EA6
:1037D0008C1301508D13062AD8B4072A8DC305F027
:1037E0008CC304F00001120003018B6B8A51FC0FA3
:1037F00019E2040F000119EF1CF003018B6B0DACF3
:103800008B2B10D00D50400B03018B6F0BD003019D
:103810008B6B0DA08B2B06D00D50010B03018B6F12
:1038200001D003018B5303E00001BCDF0301000161
:103830001200E824F76AF736530FF66E380EF722B7
:10384000000EF86EFB6E0A00F550FA6E0800F55097
:10385000F96EFA3704380E3818380650D8B407060F
:10386000060607C094F306C093F38EC395F3EFECFE
:103870000FF00650D8B40706060607C094F306C03A
:1038800093F38FC395F3EFEC0FF012000CC08EF39F
:103890000DC08FF3E2DFDEEF56F00EC08EF30FC0E7
:1038A0008FF3DBDFDEEF56F010C08EF311C08FF325
:1038B000D4DFDEEF56F012C08EF313C08FF3CDDFEE
:1038C000DEEF56F08DC303F08CC38EF38DC38FF300
:1038D00007C094F306C093F3000181EC10F08FC38E
:1038E000EAFF8EC3E9FF01C0EFFF062AD8B4072A1A
:1038F0008BC303F08AC38EF38BC38FF307C094F39B
:1039000006C093F3000181EC10F08FC3EAFF8EC371
:10391000E9FF01C0EFFF062AD8B4072A120003010D
:103920008B6B0C0E8A6F8D6B0D0E8C6F0001CADFD6
:10393000DEEF56F003018B6B0E0E8A6F8D6B0F0E50
:103940008C6F0001BFDFDEEF56F003018B6B100EB2
:103950008A6F8D6B110E8C6F0001B4DFDEEF56F0B5
:1039600003018B6B120E8A6F8D6B130E8C6F00012F
:10397000A9DFDEEF56F0000E956E956A91C38CFFBD
:1039800003019A6B90C399F30001A6EC09F02B8018
:103990002B842B962B9296908D9097948E94979241
:1039A0008E8296928D82040E276E91C32AF0020EAB
:1039B000006E002EFED700D00000A80EF66E030E9B
:1039C000F76E000EF86E060E03019B6F00016BECA4
:1039D00009F090C39BF3370E03019C6F000183EC49
:1039E00009F03C0E0301A06F0001F5EC08F02D0E6C
:1039F0000301A06F0001F5EC08F091C39BF3370EB3
:103A000003019C6F000183EC09F0200E0301A06FFD
:103A10000001F5EC08F052EC0AF012002B862B8224
:103A200097948E8496908D80FF0E956E276A020E75
:103A3000006E002EFED700D00000B60EF66E030E0C
:103A4000F76E000EF86E18EC09F052EC0AF0120056
:103A5000E1EC0BF001C08AF38AC390F30CC091F340
:103A60008ADF8C0EF66E0A0EF76E000EF86E050EEB
:103A700003019B6F00016BEC09F08AC39BF3370EC7
:103A800003019C6F000183EC09F0930EF66E0A0EA1
:103A9000F76E000EF86E090E03019B6F00016BECD0
:103AA00009F00CC09BF3370E03019C6F000183ECFF
:103AB00009F00D0E0301A06F0001F5EC08F00A0EED
:103AC0000301A06F0001F5EC08F0956A0CC08CFFB3
:103AD000A5DFDEEF56F0FF0E956E03019A6B91C3E2
:103AE00099F30001A6EC09F02B802B942B862B92E6
:103AF00096908D9097928E9297948E8496928D82C6
:103B0000030E276E020E006E002EFED700D00000BE
:103B1000820EF66E030EF76E000EF86E060E0301AF
:103B20009B6F00016BEC09F091C39BF3370E03010F
:103B30009C6F000183EC09F03D0E0301A06F0001B2
:103B4000F5EC08F012008C0EF66E030EF76E000E08
:103B5000F86E18EC09F052EC0AF0956883CF91F3F7
:103B60009A0EF66E030EF76E000EF86E090E030144
:103B70009B6F00016BEC09F091C39BF3370E0301BF
:103B80009C6F000183EC09F0200E0301A06F00017F
:103B9000F5EC08F02B842B8297928E8296908D8084
:103BA000FF0E956E276A020E006E002EFED700D023
:103BB00000001200E1EC0BF001C08AF38AC391F31C
:103BC0008ADF640EF66E0A0EF76E000EF86E060EB1
:103BD00003019B6F00016BEC09F08AC39BF3370E66
:103BE00003019C6F000183EC09F06C0EF66E0A0E67
:103BF000F76E000EF86E050E03019B6F00016BEC73
:103C000009F0956883CF0CF09EDF0CC092F306ECB0
:103C100013F0410E0301A06F0001F5EC08F03D0E1A
:103C20000301A06F0001F5EC08F00CC09BF3370E08
:103C300003019C6F000183EC09F00D0E0301A06FDE
:103C40000001F5EC08F00A0E0301A06F0001F5EC8D
:103C500008F0DEEF56F00C1E120E0D12DEEF56F0DD
:103C60000D50ED0B01090D6EDEEF56F00D50ED0B12
:103C700003018A6F0DA002D0100E01D0010E8A112F
:103C80000D6E0001DEEF56F0030EEA6E8D0EE96E4A
:103C9000EF500EE00C0E016E006A002EFED7012ED2
:103CA000FBD7F70E006E002EFED700D0EF2EF2D716
:103CB000120005C08BF304C08AF3010E045C0301FB
:103CC0008C6F000E05588D6F160EF66E0B0EF76E8C
:103CD000000EF86E150E9B6F00016BEC09F08DC3A2
:103CE0009BF3370E03019C6F000183EC09F08CC33A
:103CF0009BF3370E03019C6F000183EC09F02E0E3D
:103D0000F66E0B0EF76E000EF86E0B0E03019B6F36
:103D100000016BEC09F08BC39BF3370E03019C6F22
:103D2000000183EC09F08AC39BF3370E03019C6FFB
:103D3000000183EC09F03C0EF66E0B0EF76E000EE0
:103D4000F86E060E03019B6F00016BEC09F0929A6E
:103D5000898A020E03018C6FFA0E8D6F000194DFC9
:103D600003018C2FF9D7929A899A020E8C6FFA0E62
:103D70008D6F000189DF03018C2FF9D7968684B6F9
:103D800005D08BC305F08AC304F00BD0968884B8A5
:103D900005D08BC305F08AC304F003D00001D7D748
:103DA00003010001DEEF56F0236A23C022F0440E27
:103DB000F66E0B0EF76E000EF86E18EC09F0DEEFE3
:103DC00056F0010E236E23C022F05A0EF66E0B0E33
:103DD000F76E000EF86E18EC09F0DEEF56F010C02A
:103DE0008AF312C010F08AC312F011C08AF313C014
:103DF00011F08AC313F0DEEF56F00CC08AF314C042
:103E00000CF08AC314F00DC08AF315C00DF08AC3FC
:103E100015F0DEEF56F00EC08AF316C00EF08AC31E
:103E200016F00FC08AF317C00FF08AC317F010C046
:103E30008AF318C010F08AC318F011C08AF319C0B1
:103E400011F08AC319F012C08AF31AC012F08AC3A3
:103E50001AF013C08AF31BC013F08AC31BF0DEEF05
:103E600056F003018A6B0D50010B8B6F4A0EF66EF4
:103E7000040EF76E000EF86E040E9B6F00016BECE3
:103E800009F00DC09BF3370E03019C6F000183EC1A
:103E900009F0500EF66E040EF76E000EF86E070E67
:103EA00003019B6F00016BEC09F00CC09BF3370E14
:103EB00003019C6F000183EC09F00A0E0301A06F5F
:103EC0000001F5EC08F00D0E0301A06F0001F5EC08
:103ED00008F00DB806D00DB208D00C500F0B090831
:103EE00004E2060E03018A1300010DB005D00DA8EF
:103EF00009D00C50980806E3600E03018A13010EE6
:103F00008B6F00010DA205D003018A510C5E04D015
:103F1000000103018A510C260D6A8B53D8A40D8031
:103F20000C52D8B40D8C0CBE0D8E0CC08CF38C3999
:103F3000006E0F0E001600508C1B8C31006E00328C
:103F40003F0E001600508C1BD8908C318C1B8C516E
:103F5000010BD8B40D840D985C0EF66E040EF76E4E
:103F6000000EF86E090E9B6F00016BEC09F00CC09F
:103F70009BF3370E03019C6F000183EC09F0670E81
:103F8000F66E040EF76E000EF86E030E03019B6FC3
:103F900000016BEC09F00DC09BF3370E03019C6F21
:103FA000000183EC09F00A0E0301A06F0001F5EC9B
:103FB00008F0DEEF56F003018BC3E9FF8CC3EAFF84
:103FC0008DC3EFFF8CC303F08BC3E9FF8CC3EAFF03
:103FD000EFCF8EF38EC392F3000106EC13F01200C4
:103FE00003018E6B12C08DF312C08EF38D6B8D5159
:103FF00013108A6F12C08BF38BC394F38AC393F3AD
:10400000000181EC10F001C08CF303018C2B8BC3F9
:1040100094F38AC393F38CC395F30001EFEC0FF094
:104020008CC392F306EC13F00D90D80EF66E080ECA
:10403000F76E000EF86E110E03019B6F00016BEC22
:1040400009F08CC39BF3370E03019C6F000183ECD6
:1040500009F00D0E0301A06F0001F5EC08F00A0E47
:104060000301A06F0001F5EC08F0DEEF56F003014C
:104070008E6B12C08DF312C08EF38D6B8D511310A9
:104080008A6F12C08BF38BC394F38AC393F300013E
:1040900081EC10F001C08CF303018C078BC394F307
:1040A0008AC393F38CC395F30001EFEC0FF08CC33C
:1040B00092F306EC13F00D820D90EE0EF66E080EE4
:1040C000F76E000EF86E110E03019B6F00016BEC92
:1040D00009F08CC39BF3370E03019C6F000183EC46
:1040E00009F00D0E0301A06F0001F5EC08F00A0EB7
:1040F0000301A06F0001F5EC08F0DEEF56F00301BC
:104100008E6B12C08DF312C08EF38D6B8D51131018
:104110008A6F12C08BF38BC394F38AC393F30001AD
:1041200081EC10F001C08CF3040EF66E090EF76EF0
:10413000000EF86E100E03019B6F00016BEC09F08E
:104140000CC09BF3370E03019C6F000183EC09F058
:10415000160EF66E090EF76E000EF86E080E0301CD
:104160009B6F00016BEC09F08CC39BF3370E0301CE
:104170009C6F000183EC09F0200EF66E090EF76EBD
:10418000000EF86E030E03019B6F00016BEC09F04B
:104190008CC38DF367EC14F00CC09BF3370E030156
:1041A0009C6F000183EC09F00D0E0301A06F00016C
:1041B000F5EC08F00A0E0301A06F0001F5EC08F021
:1041C000DEEF56F001508EC3A0F3640E0301A16F21
:1041D0000001DEEC09F000C08EF30150300E08E162
:1041E00003018FA310D08FB70ED08FB9200E04D04B
:1041F00003018F978F998F81012601C0A0F30001E1
:10420000F5EC08F003018EC3A0F30A0EA16F0001C4
:10421000DEEC09F000C08EF30150300E08E103011E
:104220008FB70BD08FA109D08FB9200E00010126C6
:1042300001C0A0F3F5EC08F00301300E8E278EC309
:10424000A0F30001F5EC08F0120003018F6B12C01F
:104250008EF312C08FF38E6B8E5113108A6F12C0C3
:104260008BF38BC394F38AC393F3000181EC10F0BA
:1042700001C08CF30DA002D0010E01D0000E03018D
:104280008D6F240EF66E090EF76E000EF86E100E8E
:104290009B6F00016BEC09F00CC09BF3370E030120
:1042A0009C6F000183EC09F0360EF66E090EF76E76
:1042B000000EF86E080E03019B6F00016BEC09F015
:1042C0008CC39BF3370E03019C6F000183EC09F054
:1042D000400EF66E090EF76E000EF86E060E030124
:1042E0009B6F00016BEC09F08DC38EF31B0E030175
:1042F0008F6F000167DF480EF66E090EF76E000E35
:10430000F86E030E03019B6F00016BEC09F08CC388
:104310008EF3A5EC14F00CC09BF3370E03019C6FD9
:10432000000183EC09F00D0E0301A06F0001F5EC14
:1043300008F00A0E0301A06F0001F5EC08F0DEEFB3
:1043400056F003018E6B12C08DF312C08EF38D6B8D
:104350008D5113108A6F12C08BF38BC394F38AC3F1
:1043600093F3000181EC10F001C08CF34C0EF66E5B
:10437000090EF76E000EF86E0E0E03019B6F000122
:104380006BEC09F00CC09BF3370E03019C6F00012E
:1043900083EC09F05C0EF66E090EF76E000EF86EF7
:1043A000080E03019B6F00016BEC09F08CC39BF3BB
:1043B000370E03019C6F000183EC09F0660EF66E68
:1043C000090EF76E000EF86E030E03019B6F0001DD
:1043D0006BEC09F08CC38DF31BEC15F00CC09BF358
:1043E000370E03019C6F000183EC09F00D0E0301F1
:1043F000A06F0001F5EC08F00A0E0301A06F0001A8
:10440000F5EC08F0DEEF56F003018F6B12C08EF36F
:1044100012C08FF38E6B8E5113108A6F12C08BF304
:104420008BC394F38AC393F3000181EC10F001C0B5
:104430008CF30DA002D0010E01D0000E03018D6F90
:104440006A0EF66E090EF76E000EF86E100E9B6F78
:1044500000016BEC09F00CC09BF3370E03019C6F5D
:10446000000183EC09F07C0EF66E090EF76E000E6B
:10447000F86E080E03019B6F00016BEC09F08CC312
:104480009BF3370E03019C6F000183EC09F0860E4D
:10449000F66E090EF76E000EF86E060E03019B6FA6
:1044A00000016BEC09F08DC38EF31B0E03018F6FBF
:1044B000000188DE8E0EF66E090EF76E000EF86EA5
:1044C000030E03019B6F00016BEC09F08CC38EF3AC
:1044D00059EC15F00CC09BF3370E03019C6F0001E3
:1044E00083EC09F00D0E0301A06F0001F5EC08F05C
:1044F0000A0E0301A06F0001F5EC08F0DEEF56F0A4
:1045000003018E6B12C08DF312C08EF38D6B8D5133
:1045100013108A6F12C08BF38BC394F38AC393F387
:10452000000181EC10F001C08CF3920EF66E090EC2
:10453000F76E000EF86E0E0E03019B6F00016BEC20
:1045400009F00CC09BF3370E03019C6F000183EC54
:1045500009F0A20EF66E090EF76E000EF86E0A0E46
:1045600003019B6F00016BEC09F08CC39BF3370ECA
:1045700003019C6F000183EC09F0AE0EF66E090E8C
:10458000F76E000EF86E030E03019B6F00016BECDB
:1045900009F08CC38DF3C0EC15F00CC09BF3370E03
:1045A00003019C6F000183EC09F00D0E0301A06F65
:1045B0000001F5EC08F00A0E0301A06F0001F5EC14
:1045C00008F0DEEF56F003018E6B12C08DF312C0BF
:1045D0008EF38D6B8D5113108A6F12C08BF38BC3CA
:1045E00094F38AC393F3000181EC10F001C08CF3C3
:1045F000B20EF66E090EF76E000EF86E0E0E030187
:104600009B6F00016BEC09F00CC09BF3370E0301AC
:104610009C6F000183EC09F0C20EF66E090EF76E76
:10462000000EF86E0A0E03019B6F00016BEC09F09F
:104630008CC39BF3370E03019C6F000183EC09F0E0
:10464000CE0EF66E090EF76E000EF86E030E030125
:104650009B6F00016BEC09F08CC38DF329EC16F015
:104660000CC09BF3370E03019C6F000183EC09F033
:104670000D0E0301A06F0001F5EC08F00A0E030116
:10468000A06F0001F5EC08F0DEEF56F003018E6B31
:1046900012C08DF312C08EF38D6B8D5113108A6F83
:1046A00012C08BF38BC394F38AC393F3000181ECA4
:1046B00010F001C08CF3D20EF66E090EF76E000EEC
:1046C000F86E0D0E03019B6F00016BEC09F00CC03E
:1046D0009BF3370E03019C6F000183EC09F0E10EA0
:1046E000F66E090EF76E000EF86E090E03019B6F51
:1046F00000016BEC09F08CC39BF3370E03019C6F38
:10470000000183EC09F0EC0EF66E090EF76E000E58
:10471000F86E030E03019B6F00016BEC09F08CC374
:104720008DF3F5EC15F00CC09BF3370E03019C6F75
:10473000000183EC09F00D0E0301A06F0001F5EC00
:1047400008F00A0E0301A06F0001F5EC08F0DEEF9F
:1047500056F003018E6B12C08DF312C08EF38D6B79
:104760008D5113108A6F12C08BF38BC394F38AC3DD
:1047700093F3000181EC10F001C08CF3F00EF66EA3
:10478000090EF76E000EF86E0D0E03019B6F00010F
:104790006BEC09F00CC09BF3370E03019C6F00011A
:1047A00083EC09F0FF0EF66E090EF76E000EF86E40
:1047B000080E03019B6F00016BEC09F08CC39BF3A7
:1047C000370E03019C6F000183EC09F0090EF66EB1
:1047D0000A0EF76E000EF86E030E03019B6F0001C8
:1047E0006BEC09F08CC38DF35DEC16F00E0EF66EDB
:1047F0000A0EF76E000EF86E060E03019B6F0001A5
:104800006BEC09F00DC09BF3370E03019C6F0001A8
:1048100083EC09F00D0E0301A06F0001F5EC08F028
:104820000A0E0301A06F0001F5EC08F0DEEF56F070
:10483000EF5210E0EACF92F3E9CF91F3EFCFA0F37C
:10484000F5EC08F092C3EAFF91C3E9FFE92AD8B476
:10485000EA2AEED712000FC091F36BEC1DF00301B2
:104860008A510E0812E18B5310E1030EEA6E8C0E92
:10487000E96E000E000102EC00F00A000900F5509C
:10488000EE6E0009FBE18DD003018A510F0812E1A1
:104890008B5310E1030EEA6E8C0EE96E000E0001E0
:1048A0000DEC00F00A000900F550EE6E0009FBE186
:1048B00078D003018A51100812E18B5310E1030EE6
:1048C000EA6E8C0EE96E000E000118EC00F00A0092
:1048D0000900F550EE6E0009FBE163D003018A5137
:1048E000110812E18B5310E1030EEA6E8C0EE96E93
:1048F000000E000123EC00F00A000900F550EE6EF6
:104900000009FBE14ED003018A51120812E18B53DA
:1049100010E1030EEA6E8C0EE96E000E00012EEC23
:1049200000F00A000900F550EE6E0009FBE139D0F5
:1049300003018A51130812E18B5310E1030EEA6E52
:104940008C0EE96E000E000139EC00F00A0009003F
:10495000F550EE6E0009FBE124D003018A510C08EA
:1049600012E18B5310E1030EEA6E8C0EE96E000E1D
:10497000000144EC00F00A000900F550EE6E000959
:10498000FBE10FD00301030EEA6E8C0EE96E000E00
:1049900000014FEC00F00A000900F550EE6E00092E
:1049A000FBE1720EF66E0A0EF76E000EF86E030E45
:1049B00003019B6F00016BEC09F0030EEA6E8C0E95
:1049C000E96E36DF770EF66E0A0EF76E000EF86EA1
:1049D000080E03019B6F00016BEC09F003018AC311
:1049E000E9FF8BC3EAFF956883CFEFFF0001A3ECDB
:1049F0001DF08BC303F08AC3E9FF8BC3EAFFEFCF3F
:104A000091F391C392F3000106EC13F00D50FB0BF0
:104A10000301916F235202E0040E01D0000E9111A8
:104A20000D6E8BC303F08AC3E9FF8BC3EAFFEFCFA0
:104A300091F3800EF66E0A0EF76E000EF86E060EFB
:104A40009B6F00016BEC09F091C39BF3370E0301E0
:104A50009C6F000183EC09F00D0E0301A06F0001B3
:104A6000F5EC08F00A0E0301A06F0001F5EC08F068
:104A700012000FC091F36BEC1DF0B80EF66E0A0E2B
:104A8000F76E000EF86E18EC09F00E06956883CFED
:104A90008AF303018C6B12C08BF312C08CF38B6B07
:104AA00013508B1312C094F38BC393F38AC395F303
:104AB0000001EFEC0FF0132A0EC092F306EC13F096
:104AC000420E0301A06F0001F5EC08F03D0E03015A
:104AD000A06F0001F5EC08F00EC09BF3370E030148
:104AE0009C6F000183EC09F0C40EF66E0A0EF76E9F
:104AF000000EF86E060E03019B6F00016BEC09F0CF
:104B00008AC39BF3370E03019C6F000183EC09F00D
:104B10000D0E0301A06F0001F5EC08F00A0E030171
:104B2000A06F0001F5EC08F0A3EC1DF01AEF40F0C7
:104B3000D00EF66E0A0EF76E000EF86E18EC09F045
:104B40000FC091F36BEC1DF00E06956883CF8AF3CE
:104B500003018C6B12C08BF312C08CF38B6B135060
:104B60008B1312C094F38BC393F38AC395F30001A4
:104B7000EFEC0FF0132AA3EC1DF00E52E1E1DA0E78
:104B8000F66E0A0EF76E000EF86E18EC09F01AEFCA
:104B900040F00FC091F36BEC1DF00E06956883CFCB
:104BA0008AF3000E03018C6B8B6F13508B138CC335
:104BB00094F38BC393F38AC395F30001EFEC0FF0EA
:104BC00013060EC092F306EC13F06A0EF66E050E95
:104BD000F76E000EF86E090E03019B6F00016BEC7F
:104BE00009F00EC09BF3370E03019C6F000183ECAC
:104BF00009F0750EF66E050EF76E000EF86E060ED5
:104C000003019B6F00016BEC09F08AC39BF3370E25
:104C100003019C6F000183EC09F00A0E0301A06FF1
:104C20000001F5EC08F00D0E0301A06F0001F5EC9A
:104C300008F0A3EC1DF01200800EF66E050EF76E64
:104C4000000EF86E18EC09F0A4DF0E52FDE18A0E9A
:104C5000F66E050EF76E000EF86E18EC09F01AEFFE
:104C600040F00FC090F38AC391F3BBEC1CF00E50E0
:104C700003018A5D10E1030EEA6E8B0EE96E000EF1
:104C8000000102EC00F00A000900F550EE6E000988
:104C9000FBE16ED003010F508A5D10E1030EEA6E56
:104CA0008B0EE96E000E00010DEC00F00A00090009
:104CB000F550EE6E0009FBE15BD0030110508A5DF8
:104CC00010E1030EEA6E8B0EE96E000E000118EC87
:104CD00000F00A000900F550EE6E0009FBE148D033
:104CE000030111508A5D10E1030EEA6E8B0EE96E2E
:104CF000000E000123EC00F00A000900F550EE6EF2
:104D00000009FBE135D0030112508A5D10E1030E6A
:104D1000EA6E8B0EE96E000E00012EEC00F00A0028
:104D20000900F550EE6E0009FBE122D0030113509B
:104D30008A5D10E1030EEA6E8B0EE96E000E000133
:104D400039EC00F00A000900F550EE6E0009FBE1B5
:104D50000FD00301030EEA6E8B0EE96E000E000108
:104D600044EC00F00A000900F550EE6E0009FBE18A
:104D7000A20EF66E0A0EF76E000EF86E080E030114
:104D80009B6F00016BEC09F0030EEA6E8B0EE96E6F
:104D90004FDDAC0EF66E0A0EF76E000EF86E040EC6
:104DA00003019B6F00016BEC09F0030EEA6E8B0EA2
:104DB000E96E3EDD3D0E0301A06F0001F5EC08F049
:104DC0008AC39BF3370E03019C6F000183EC09F04B
:104DD0000D0E0301A06F0001F5EC08F00A0E0301AF
:104DE000A06F0001F5EC08F0956A8AC38CFF0EEC09
:104DF0001DF01200E60EF66E0A0EF76E000EF86E4B
:104E000018EC09F00E0603018C6B12C08BF312C074
:104E10008CF38B6B13508B1312C094F38BC393F3EF
:104E2000000181EC10F001C08AF30FC090F38AC337
:104E300091F3BBEC1CF0132A0EC092F306EC13F0B6
:104E4000420E0301A06F0001F5EC08F03D0E0301D6
:104E5000A06F0001F5EC08F00EC09BF3370E0301C4
:104E60009C6F000183EC09F0F40EF66E0A0EF76EEB
:104E7000000EF86E060E03019B6F00016BEC09F04B
:104E80008AC39BF3370E03019C6F000183EC09F08A
:104E90000D0E0301A06F0001F5EC08F00A0E0301EE
:104EA000A06F0001F5EC08F00EEC1DF01AEF40F0D9
:104EB000000EF66E0B0EF76E000EF86E18EC09F091
:104EC0000E0603018C6B12C08BF312C08CF38B6B3C
:104ED00013508B1312C094F38BC393F3000181EC36
:104EE00010F001C08AF30FC090F38AC391F3BBECBA
:104EF0001CF0132A0EEC1DF00E52E2E10A0EF66EC3
:104F00000B0EF76E000EF86E18EC09F01AEF40F079
:104F10000E06000E03018C6B8B6F13508B138CC32A
:104F200094F38BC393F3000181EC10F001C08AF37A
:104F30000FC090F38AC391F3BBEC1CF013060EC0B4
:104F400092F306EC13F0960EF66E050EF76E000E59
:104F5000F86E0A0E03019B6F00016BEC09F00EC0A6
:104F60009BF3370E03019C6F000183EC09F0A20E46
:104F7000F66E050EF76E000EF86E060E03019B6FBF
:104F800000016BEC09F08AC39BF3370E03019C6FA1
:104F9000000183EC09F00A0E0301A06F0001F5EC9B
:104FA00008F00D0E0301A06F0001F5EC08F00EEC07
:104FB0001DF01200AE0EF66E050EF76E000EF86EC6
:104FC00018EC09F0A5DF0E52FDE1B80EF66E050EE5
:104FD000F76E000EF86E18EC09F01AEF40F00CC0F6
:104FE0008AF30C6C0D6A0C52D8B40D8C0CBE0D8E6D
:104FF00003018A518008D8B40D848A53D8A40D8047
:105000008A510F0BD8A40D880D8200011AEF40F0D1
:1050100003018A51030B246E8E0EF66E020EF76E9C
:10502000000EF86E220E9B6F00016BEC09F024C09D
:105030009AF3180E03019B6F0001F4EC09F00A0EBD
:105040000301A06F0001F5EC08F00D0E0301A06F45
:105050000001F5EC08F01200B60EF66E020EF76EC7
:10506000000EF86E18EC09F0D2EC1BF0010E236E66
:1050700023C022F01AEF40F0D60EF66E020EF76E45
:10508000000EF86E18EC09F0D2EC1BF023C022F0F1
:105090001AEF40F01CC00CF0010E0D160C52D8B4E3
:1050A0000D8C0CBE0D8E2352D8A40D84C40EF66E4A
:1050B000050EF76E000EF86E0C0E03019B6F0001DB
:1050C0006BEC09F00CC09BF3370E03019C6F0001E1
:1050D00083EC09F0D20EF66E050EF76E000EF86E38
:1050E000030E03019B6F00016BEC09F01CC09BF3E6
:1050F000370E03019C6F000183EC09F00A0E0301D7
:10510000A06F0001F5EC08F00D0E0301A06F000187
:10511000F5EC08F01AEF40F01DC00CF0010E0D1672
:105120000C52D8B40D8C0CBE0D8E2352D8A40D8415
:10513000DA0EF66E050EF76E000EF86E0C0E030119
:105140009B6F00016BEC09F00CC09BF3370E030161
:105150009C6F000183EC09F0E80EF66E050EF76E09
:10516000000EF86E030E03019B6F00016BEC09F05B
:105170001DC09BF3370E03019C6F000183EC09F007
:105180000A0E0301A06F0001F5EC08F00D0E0301FB
:10519000A06F0001F5EC08F01AEF40F00CC01CF015
:1051A000F00EF66E050EF76E000EF86E0C0E030193
:1051B0009B6F00016BEC09F01CC09BF3370E0301E1
:1051C0009C6F000183EC09F0FE0EF66E050EF76E83
:1051D000000EF86E030E03019B6F00016BEC09F0EB
:1051E0000CC09BF3370E03019C6F000183EC09F0A8
:1051F0000A0E0301A06F0001F5EC08F00D0E03018B
:10520000A06F0001F5EC08F01AEF40F00CC01DF0A3
:10521000060EF66E060EF76E000EF86E0C0E03010B
:105220009B6F00016BEC09F01DC09BF3370E03016F
:105230009C6F000183EC09F0140EF66E060EF76EFB
:10524000000EF86E030E03019B6F00016BEC09F07A
:105250000CC09BF3370E03019C6F000183EC09F037
:105260000D0E0301A06F0001F5EC08F00A0E03011A
:10527000A06F0001F5EC08F01AEF40F00301926B0B
:1052800012C091F312C092F3916B1350911312C09C
:1052900094F391C393F3000181EC10F001C08AF301
:1052A0000301926B10C091F310C092F3916B1150F7
:1052B000911310C094F391C393F38AC395F3000143
:1052C000EFEC0FF00301926B12C091F312C092F356
:1052D000916B915113108B6F12C08CF3926B10C0B5
:1052E00091F310C092F3916B915111108D6F10C01A
:1052F0008EF30EC091F3916B91510F108F6F0EC012
:1053000090F38B2BD8B48C2B8D2BD8B48E2B8F5144
:10531000D8B490078F078CC312F08BC313F08EC3E1
:1053200010F08DC311F090C30EF08FC30FF0E90E93
:105330000D168F5302E19053D8A40D849A0EF66E89
:10534000040EF76E000EF86E0A0E9B6F00016BECF8
:1053500009F090C39BF3370E03019C6F000183ECAF
:1053600009F08FC39BF3370E03019C6F000183ECA0
:1053700009F0A70EF66E040EF76E000EF86E040E1E
:1053800003019B6F00016BEC09F08CC39BF3370E9C
:1053900003019C6F000183EC09F08BC39BF3370E74
:1053A00003019C6F000183EC09F0AE0EF66E040E53
:1053B000F76E000EF86E040E03019B6F00016BEC9C
:1053C00009F08EC39BF3370E03019C6F000183EC41
:1053D00009F08DC39BF3370E03019C6F000183EC32
:1053E00009F00A0E0301A06F0001F5EC08F00D0EA4
:1053F0000301A06F0001F5EC08F01200B80EF66E84
:10540000040EF76E000EF86E18EC09F037DF0E523E
:10541000FDE10F52FBE1C20EF66E040EF76E000EB8
:10542000F86E18EC09F01AEF40F0000E0301926BD1
:10543000916F1350911392C394F391C393F30001AE
:1054400081EC10F001C08AF3000E11100301916F7E
:10545000946B936F8AC395F30001EFEC0FF0000E8D
:10546000131003018B6F8C6B000E11108D6F8E6B00
:10547000000E0F108F6F906B8B51D8B48C078B0779
:105480008D51D8B48E078D078F51D8B490078F07F0
:105490008CC312F08BC313F08EC310F08DC311F0C8
:1054A00090C30EF08FC30FF0E90E0D168F5302E17B
:1054B0009053D8A40D84CE0EF66E040EF76E000E37
:1054C000F86E0A0E9B6F00016BEC09F090C39BF322
:1054D000370E03019C6F000183EC09F08FC39BF32F
:1054E000370E03019C6F000183EC09F0DB0EF66EB2
:1054F000040EF76E000EF86E040E03019B6F0001A0
:105500006BEC09F08CC39BF3370E03019C6F000119
:1055100083EC09F08BC39BF3370E03019C6F0001F2
:1055200083EC09F0E20EF66E040EF76E000EF86ED4
:10553000040E03019B6F00016BEC09F08EC39BF31B
:10554000370E03019C6F000183EC09F08DC39BF3C0
:10555000370E03019C6F000183EC09F00A0E030172
:10556000A06F0001F5EC08F00D0E0301A06F000123
:10557000F5EC08F01200EC0EF66E040EF76E000E5D
:10558000F86E18EC09F051DF0E52FDE10F52FBE10D
:10559000F60EF66E040EF76E000EF86E18EC09F0BB
:1055A0001AEF40F0000E0301926B916F13509113AC
:1055B00092C394F391C393F3000181EC10F001C006
:1055C0008AF303018A510C5C8B6F8C6B000E1310F5
:1055D0008D6F8E6B000E0F108F6F906B8D2BD8B46C
:1055E0008E2B8F51D8B490078F078EC312F08DC3C6
:1055F00013F090C30EF08FC30FF0020E0D6E0C501F
:105600000F0B916F8A510F0B915DD8A00D888B53B2
:10561000D8B40D8C8B51800B006E036A00500310C0
:10562000D8A40D8E8F5302E19053D8A40D84020E9E
:10563000F66E050EF76E000EF86E090E9B6F0001F8
:105640006BEC09F00CC09BF3370E03019C6F00015B
:1056500083EC09F00D0EF66E050EF76E000EF86E77
:10566000060E03019B6F00016BEC09F08AC39BF3EC
:10567000370E03019C6F000183EC09F0150EF66EE6
:10568000050EF76E000EF86E040E03019B6F00010D
:105690006BEC09F090C39BF3370E03019C6F000184
:1056A00083EC09F08FC39BF3370E03019C6F00015D
:1056B00083EC09F00A0E0301A06F0001F5EC08F07D
:1056C0000D0E0301A06F0001F5EC08F01200200E92
:1056D000F66E050EF76E000EF86E18EC09F062DF3C
:1056E0000E5202E10F5202E00DACF9D72A0EF66E0F
:1056F000050EF76E000EF86E18EC09F01AEF40F088
:10570000000E0301926B916F1350911392C394F3A7
:1057100091C393F3000181EC10F001C08AF30301FF
:105720008A510C5C8B6F8C6B000E13108D6F8E6B1F
:10573000000E0F108F6F906B8D51D8B48E078D07B0
:105740008F51D8B490078F078EC312F08DC313F01A
:1057500090C30EF08FC30FF0020E0D6E0C500F0BA6
:10576000916F8A510F0B915DD8A00D888B53D8B4DF
:105770000D8C8B51800B006E036A00500310D8A46F
:105780000D8E8F5302E19053D8A40D84360EF66E21
:10579000050EF76E000EF86E090E9B6F00016BECA4
:1057A00009F00CC09BF3370E03019C6F000183ECE2
:1057B00009F0410EF66E050EF76E000EF86E060E3D
:1057C00003019B6F00016BEC09F08AC39BF3370E5A
:1057D00003019C6F000183EC09F0490EF66E050E83
:1057E000F76E000EF86E040E03019B6F00016BEC68
:1057F00009F090C39BF3370E03019C6F000183EC0B
:1058000009F08FC39BF3370E03019C6F000183ECFB
:1058100009F00D0E0301A06F0001F5EC08F00A0E6F
:105820000301A06F0001F5EC08F01200540EF66EB3
:10583000050EF76E000EF86E18EC09F061DF0E52DF
:1058400002E10F5202E00DACF9D75E0EF66E050EC6
:10585000F76E000EF86E18EC09F01AEF40F0030135
:105860008F6B12C08EF312C08FF38E6B8E5113109C
:105870008A6F12C08BF38BC394F38AC393F3000136
:1058800081EC10F001C08CF38CC38DF30C38030154
:105890008E6FF00E8E178C39006E0F0E00160050B2
:1058A0008E118C6F0C50F00B8E6F8D510F0B8E1173
:1058B0000C6E8BC394F38AC393F38CC395F30001EE
:1058C000EFEC0FF00CC090F3A8EC15F0840EF66E20
:1058D000040EF76E000EF86E090E03019B6F0001B7
:1058E0006BEC09F00CC09BF3370E03019C6F0001B9
:1058F00083EC09F08F0EF66E040EF76E000EF86E54
:10590000060E03019B6F00016BEC09F08CC39BF347
:10591000370E03019C6F000183EC09F00A0E0301AE
:10592000A06F0001F5EC08F00D0E0301A06F00015F
:10593000F5EC08F01AEF40F00301916B12C090F300
:1059400012C091F3906B905113108A6F12C08BF3B9
:105950008BC394F38AC393F3000181EC10F001C070
:105960008CF30C500F0B03018D6F8C398E6F0F0E63
:105970008E178C510F0B8F6F0C50F00B8E110C6E1D
:105980008F39006EF00E001600508D118C6F8BC396
:1059900094F38AC393F38CC395F30001EFEC0FF0FB
:1059A0000CC090F3A8EC15F06E0EF66E040EF76EB8
:1059B000000EF86E090E03019B6F00016BEC09F0FD
:1059C0000CC09BF3370E03019C6F000183EC09F0C0
:1059D000790EF66E040EF76E000EF86E060E0301D9
:1059E0009B6F00016BEC09F08CC39BF3370E030136
:1059F0009C6F000183EC09F00A0E0301A06F000107
:105A0000F5EC08F00D0E0301A06F0001F5EC08F0B5
:105A10001AEF40F003019B6B12C09AF312C09BF384
:105A20009A6B9A5113108D6F12C08EF30DA002D095
:105A3000010E01D0000E8F6F8B518D5D9A6F8C51CE
:105A40008E599B6F8F519A5D906F000E9B59916F8D
:105A5000926B936B8E517F0828E3480EF66E070E0B
:105A6000F76E000EF86E1B0E9B6F00016BEC09F0D9
:105A70008EC39BF3370E03019C6F000183EC09F08A
:105A80008DC39BF3370E03019C6F000183EC09F07B
:105A9000660EF66E070EF76E000EF86E190E030115
:105AA0009B6F00016BEC09F003018C517F082CE324
:105AB0008B5302E18C5328E0800EF66E070EF76ED2
:105AC000000EF86E1E0E9B6F00016BEC09F08CC38C
:105AD0009BF3370E03019C6F000183EC09F08BC32D
:105AE0009BF3370E03019C6F000183EC09F0A10EBC
:105AF000F66E070EF76E000EF86E190E03019B6F1F
:105B000000016BEC09F00301020E0D6E8DC394F3DE
:105B10008E510F0B956F8BC396F38C510F0B976FB4
:105B20008F519625016E000E9721036E9551035CEF
:105B300005E303E10150945DD8A00D8890C39AF36A
:105B400091C39BF39C6B9D6B9A5307E19B5305E1BB
:105B50009C5303E19D53D8B40D8C006A9151800B86
:105B6000016E026A036A005206E1015204E1025228
:105B700002E10352D8A40D8E90C398F391C399F318
:105B80009A6B8E51800B9B6F000B006E8C51800BBB
:105B9000036E00509A5D03E103509B5D10E09A6B29
:105BA0009951800B9B6F000B006E8E51800B036E22
:105BB00000509A5D03E103509B5D01E00D8499C3A1
:105BC00012F098C313F0000E13109A6FBC0EF66E0D
:105BD000070EF76E000EF86E070E9B6F00016BEC60
:105BE00009F08CC39BF3370E03019C6F000183EC1B
:105BF00009F08BC39BF3370E03019C6F000183EC0C
:105C000009F0C60EF66E070EF76E000EF86E070E60
:105C100003019B6F00016BEC09F09AC39BF3370EF5
:105C200003019C6F000183EC09F0D00EF66E070EA5
:105C3000F76E000EF86E030E03019B6F00016BEC14
:105C400009F00DC09BF3370E03019C6F000183EC3C
:105C500009F00A0E0301A06F0001F5EC08F00D0E2B
:105C60000301A06F0001F5EC08F01200840EF66E3F
:105C7000020EF76E000EF86E040E03019B6F00011A
:105C80006BEC09F08AC39BF3370E03019C6F000194
:105C900083EC09F08A0EF66E020EF76E000EF86EB7
:105CA000030E03019B6F00016BEC09F00650D8B4A2
:105CB0000706060605C08BF303018C6B8C6B07C0CF
:105CC00094F306C093F305C095F30001EFEC0FF0D9
:105CD0000650D8B40706060604C08BF303018C6B8C
:105CE00007C094F306C093F304C095F30001EFECF2
:105CF0000FF0056A8AC304F012008BC303F003019E
:105D00008AC3E9FF8BC3EAFFEFAE02D0010E01D0D8
:105D1000000E8C6F8AC38FF38BC390F38BC303F099
:105D20008AC3E9FF8BC3EAFFD890EF34916F8C539D
:105D300002E0010E01D0000E911190C3EAFF8FC363
:105D4000E9FFEF6E0D50010B8C110D6E8BC303F04C
:105D50008AC3E9FF8BC3EAFFEF52D8B40D8C8BC323
:105D600003F08AC3E9FF8BC3EAFFEFBE0D8E8D6B94
:105D70008AC3E9FF8BC3EAFFEFCF8EF38E5306E0B1
:105D80008E51010B8D27D8908E33F8D78D51010B92
:105D9000D8B40D84000112008BC303F003018AC341
:105DA000E9FF8BC3EAFFEFA002D0010E01D0000E85
:105DB0008C6F8AC38FF38BC390F38BC303F08AC3BA
:105DC000E9FF8BC3EAFFD890EF30916F8C5302E06C
:105DD000800E01D0000E911190C3EAFF8FC3E9FF3E
:105DE000EF6E0D50010B8C110D6E8BC303F08AC347
:105DF000E9FF8BC3EAFFEF52D8B40D8C8BC303F0DD
:105E00008AC3E9FF8BC3EAFFEFBE0D8E8D6B8AC399
:105E1000E9FF8BC3EAFFEFCF8EF38E5306E08E517E
:105E2000010B8D27D8908E33F8D78D51010BD8B444
:105E30000D84000112000DA002D0010E01D0000E51
:105E400003018C6F8BC303F08AC3E9FF8BC3EAFFA6
:105E5000EFAE02D0010E01D0000E8D6F8AC3E9FFB4
:105E60008BC3EAFFD890EF348C118BC3EAFF8AC34F
:105E7000E9FFEF6E0D50010B8D110D6E8BC303F01A
:105E80008AC3E9FF8BC3EAFFEF52D8B40D8C8BC3F2
:105E900003F08AC3E9FF8BC3EAFFEFBE0D8E8E6B62
:105EA0008AC3E9FF8BC3EAFFEFCF8FF38F5306E07E
:105EB0008F51010B8E27D8908F33F8D78E51010B5D
:105EC000D8B40D84000112000DA002D0800E01D0C4
:105ED000000E03018C6F8BC303F08AC3E9FF8BC3F1
:105EE000EAFFEFA002D0010E01D0000E8D6F8AC331
:105EF000E9FF8BC3EAFFD890EF308C118BC3EAFF28
:105F00008AC3E9FFEF6E0D50010B8D110D6E8BC32F
:105F100003F08AC3E9FF8BC3EAFFEF52D8B40D8CBC
:105F20008BC303F08AC3E9FF8BC3EAFFEFBE0D8E7C
:105F30008E6B8AC3E9FF8BC3EAFFEFCF8FF38F53DA
:105F400006E08F51010B8E27D8908F33F8D78E51F2
:105F5000010BD8B40D84000112008BC303F00301C0
:105F60008AC3E9FF8BC3EAFFEFAE02D0010E01D076
:105F7000000E8C6F8AC3E9FF8BC3EAFFD890EF3421
:105F80008BC3EAFF8AC3E9FFEF6E0D50010B8C1142
:105F90000D6E8BC303F08AC3E9FF8BC3EAFFEF5298
:105FA000D8B40D8C8BC303F08AC3E9FF8BC3EAFF1F
:105FB000EFBE0D8E8D6B8AC3E9FF8BC3EAFFEFCF77
:105FC0008EF38E5306E08E51010B8D27D8908E33C1
:105FD000F8D78D51010BD8B40D84000112008BC38A
:105FE00003F003018AC3E9FF8BC3EAFFEFA002D0ED
:105FF000010E01D0000E8C6F8AC3E9FF8BC3EAFF4C
:10600000EF50800B8D6F8AC3E9FF8BC3EAFFD890F6
:10601000EF308D118BC3EAFF8AC3E9FFEF6E0D509D
:10602000010B8C110D6E8BC303F08AC3E9FF8BC388
:10603000EAFFEF52D8B40D8C8BC303F08AC3E9FF9B
:106040008BC3EAFFEFBE0D8E8E6B8AC3E9FF8BC355
:10605000EAFFEFCF8FF38F5306E08F51010B8E27AE
:10606000D8908F33F8D78E51010BD8B40D8400012E
:1060700012008BC303F003018AC3E9FF8BC3EAFF5D
:10608000EFA002D0010E01D0000E8C6F8AC3E9FF91
:106090008BC3EAFFD890EF308BC3EAFF8AC3E9FFD6
:1060A000EF6E0D50010B8C110D6E8BC303F08AC384
:1060B000E9FF8BC3EAFFEF52D8B40D8C8BC303F01A
:1060C0008AC3E9FF8BC3EAFFEFBE0D8E8D6B8AC3D7
:1060D000E9FF8BC3EAFFEFCF8EF38E5306E08E51BC
:1060E000010B8D27D8908E33F8D78D51010BD8B482
:1060F0000D8400011200010E03018C6F8A51016EA4
:1061000004E0D8908C37012EFCD70D50010B1009FC
:106110000D6E8B518C1502E1440E0D128A51070849
:1061200002E18BBF0D8E00019EEF49F08CC303F09E
:1061300003018BC3E9FF8CC3EAFF010E006E8A5195
:10614000016E04E0D8900036012EFCD70050EF100D
:10615000EF6E000112008CC303F003018BC3E9FF53
:106160008CC3EAFF010E006E8A51016E04E0D890E4
:106170000036012EFCD70050FF0AEF14EF6E00012D
:106180001200E1EC0BF001C08AF3E1EC0BF001C06E
:106190008BF303018BC38CF38C6B8C518A11086ECB
:1061A0008BC309F00001EFEF4FF0E1EC0BF001C001
:1061B0008AF3E1EC0BF001C08BF303018A51082450
:1061C0008C6F000E09208D6F946F8CC393F38BC37B
:1061D00095F30001EFEC0FF01C0EF66E060EF76E55
:1061E000000EF86E070E03019B6F00016BEC09F0C7
:1061F0008AC39AF3180E03019B6F0001F4EC09F0B7
:10620000290E0301A06F0001F5EC08F02C0E03012C
:10621000A06F0001F5EC08F08BC39BF3370E030170
:106220009C6F000183EC09F00D0E0301A06F0001CB
:10623000F5EC08F00A0E0301A06F0001F5EC08F080
:10624000EFEF4FF0E1EC0BF001C08AF303018A514C
:1062500008248B6F000E09208C6F946F8BC393F30F
:10626000000181EC10F001C00CF00CC092F306ECC0
:1062700013F0680EF66E060EF76E000EF86E090E3D
:1062800003019B6F00016BEC09F08AC39AF3180EAF
:1062900003019B6F0001F4EC09F0730EF66E060E1D
:1062A000F76E000EF86E070E03019B6F00016BEC9A
:1062B00009F00CC09BF3370E03019C6F000183ECC7
:1062C00009F00D0E0301A06F0001F5EC08F00A0EB5
:1062D0000301A06F0001F5EC08F0EFEF4FF0E1ECE7
:1062E0000BF001C08AF303018A5108248B6F000E62
:1062F00009208C6F946F8BC393F30CC095F300014E
:10630000EFEC0FF0800EF66E060EF76E000EF86ED4
:10631000070E03019B6F00016BEC09F08AC39AF32F
:10632000180E03019B6F0001F4EC09F0890EF66E64
:10633000060EF76E000EF86E090E03019B6F00014A
:106340006BEC09F00CC09BF3370E03019C6F00014E
:1063500083EC09F00D0E0301A06F0001F5EC08F0CD
:106360000A0E0301A06F0001F5EC08F0EFEF4FF00B
:106370008CC303F003018BC38EF38CC38FF38D5159
:106380000824906F000E0920916F946F90C393F3CF
:10639000000181EC10F08FC3EAFF8EC3E9FF01C05A
:1063A000EFFF8CC303F08BC3E9FF8CC3EAFFEFCF91
:1063B0008EF38EC392F3000106EC13F003018B51B0
:1063C0000E0804E18C5302E1420E24D08B510F08D9
:1063D00004E18C5302E1430E1DD08B51100804E1FF
:1063E0008C5302E1440E16D08B51110804E18C53FA
:1063F00002E1450E0FD08B51120804E18C5302E1EB
:10640000480E08D08B51130804E18C5302E14C0E66
:1064100001D0410E8E6F8B510E0804E18C5302E1C6
:10642000420E24D08B510F0804E18C5302E1430E3D
:106430001DD08B51100804E18C5302E1440E16D09C
:106440008B51110804E18C5302E1450E0FD08B51A2
:10645000120804E18C5302E1480E08D08B51130856
:1064600004E18C5302E14C0E01D0410E8F6F8CC3BE
:1064700003F08BC3E9FF8CC3EAFFEFCF90F3980ED4
:10648000F66E060EF76E000EF86E030E9B6F00019F
:106490006BEC09F08EC3A0F3F5EC08F09D0EF66EE0
:1064A000060EF76E000EF86E050E03019B6F0001DD
:1064B0006BEC09F08DC39AF3180E03019B6F00017A
:1064C000F4EC09F0A40EF66E060EF76E000EF86EF0
:1064D000050E03019B6F00016BEC09F08FC3A0F365
:1064E000F5EC08F03D0E0301A06F0001F5EC08F09B
:1064F00090C39BF3370E03019C6F000183EC09F0FE
:106500000D0E0301A06F0001F5EC08F00A0E030167
:10651000A06F0001F5EC08F0120003018B51082474
:106520008D6F000E09208E6F946F8DC393F38CC313
:1065300095F30001EFEC0FF00E5003018C5D03E1C9
:10654000036A420E20D00F508C5D03E1036A430EB4
:106550001AD010508C5D03E1036A440E14D0115020
:106560008C5D03E1036A450E0ED012508C5D03E191
:10657000036A480E08D013508C5D03E1036A4C0E89
:1065800002D0036A410E8D6F03C08EF30E508C5DF6
:1065900003E1036A420E20D00F508C5D03E1036AD1
:1065A000430E1AD010508C5D03E1036A440E14D0E0
:1065B00011508C5D03E1036A450E0ED012508C5DC4
:1065C00003E1036A480E08D013508C5D03E1036AAF
:1065D0004C0E02D0036A410E8F6F03C090F3B20ECF
:1065E000F66E060EF76E000EF86E070E9B6F00013A
:1065F0006BEC09F08BC39AF3180E03019B6F00013B
:10660000F4EC09F0290E0301A06F0001F5EC08F08D
:106610002C0E0301A06F0001F5EC08F08DC3A0F370
:10662000F5EC08F0BF0EF66E060EF76E000EF86E73
:10663000040E03019B6F00016BEC09F08FC3A0F304
:10664000F5EC08F03D0E0301A06F0001F5EC08F039
:106650008CC39BF3370E03019C6F000183EC09F0A0
:106660000D0E0301A06F0001F5EC08F00A0E030106
:10667000A06F0001F5EC08F01200082AD8B4092A2E
:10668000CC0EF66E060EF76E000EF86E0D0E0301C0
:106690009B6F00016BEC09F009C09BF3370E0301FF
:1066A0009C6F000183EC09F008C09BF3370E0301D7
:1066B0009C6F000183EC09F00D0E0301A06F000137
:1066C000F5EC08F00A0E0301A06F0001F5EC08F0EC
:1066D000EFEF4FF00850D8B409060806E00EF66E4A
:1066E000060EF76E000EF86E0D0E03019B6F000193
:1066F0006BEC09F009C09BF3370E03019C6F00019E
:1067000083EC09F008C09BF3370E03019C6F000176
:1067100083EC09F00D0E0301A06F0001F5EC08F009
:106720000A0E0301A06F0001F5EC08F0EFEF4FF047
:1067300003018B5108248D6F8C5109208E6F8F6B54
:10674000906BEC0E0D16006A016A8F51010B026E00
:10675000036A005206E1015204E1025202E10352CF
:10676000D8A40D8008C091F309500F0B926F8BC312
:1067700000F08C510F0B036E8B5191270350922325
:1067800092510F08D8A00D888DC308F08EC309F070
:106790001C0EF66E070EF76E000EF86E100E9B6F55
:1067A00000016BEC09F009C09BF3370E03019C6FED
:1067B000000183EC09F008C09BF3370E03019C6FC6
:1067C000000183EC09F00D0E0301A06F0001F5EC50
:1067D00008F00A0E0301A06F0001F5EC08F01200AA
:1067E000E1EC0BF001C08AF3E1EC0BF001C08BF39C
:1067F00003018BC38CF38C6B8C518A110A6E8BC393
:106800000BF000019BEF56F0E1EC0BF001C08AF3B6
:10681000E1EC0BF001C08BF303018A510A248C6F69
:10682000000E0B208D6F946F8CC393F38BC395F385
:106830000001EFEC0FF02C0EF66E060EF76E000E58
:10684000F86E070E03019B6F00016BEC09F08AC321
:106850009AF3180E03019B6F0001F4EC09F0290E66
:106860000301A06F0001F5EC08F02C0E0301A06FEE
:106870000001F5EC08F08BC39BF3370E03019C6F0E
:10688000000183EC09F00D0E0301A06F0001F5EC8F
:1068900008F00A0E0301A06F0001F5EC08F09BEF71
:1068A00056F00A2AD8B40B2AF40EF66E060EF76ECE
:1068B000000EF86E0D0E03019B6F00016BEC09F0EA
:1068C0000BC09BF3370E03019C6F000183EC09F0B2
:1068D0000AC09BF3370E03019C6F000183EC09F0A3
:1068E0000D0E0301A06F0001F5EC08F00A0E030184
:1068F000A06F0001F5EC08F09BEF56F00A50D8B4F9
:106900000B060A06080EF66E070EF76E000EF86EFE
:106910000D0E03019B6F00016BEC09F00BC09BF3A4
:10692000370E03019C6F000183EC09F00AC09BF352
:10693000370E03019C6F000183EC09F00D0E03017B
:10694000A06F0001F5EC08F00A0E0301A06F000132
:10695000F5EC08F09BEF56F003018B510A248D6F84
:106960008C510B208E6F8F6B906BEC0E0D16006AA6
:10697000016A8F51010B026E036A005206E1015257
:1069800004E1025202E10352D8A40D800AC091F33F
:106990000B500F0B926F8BC300F08C510F0B036EDB
:1069A0008B5191270350922392510F08D8A00D8844
:1069B0008DC30AF08EC30BF0320EF66E070EF76E23
:1069C000000EF86E100E9B6F00016BEC09F00BC00F
:1069D0009BF3370E03019C6F000183EC09F00AC0A2
:1069E0009BF3370E03019C6F000183EC09F00D0E41
:1069F0000301A06F0001F5EC08F00A0E0301A06F7F
:106A00000001F5EC08F0120016EF12F039C332F372
:106A1000030133531EE13951CB0A000107E0260A76
:106A20000AE0300A0DE0200A10E013D0010E030145
:106A3000336F00010ED0020E0301336F000109D045
:106A4000030E0301336F000104D0040E0301336F02
:106A5000000100017BEF12F0030133530FE03951C5
:106A6000CB080CE03951ED0809E03951DD0806E0AA
:106A70003951FD0803E039C332F3336B3951000A51
:106A80000001D8B43FD3010AD8B440D3100AD8B417
:106A900041D3300AD8B442D3100AD8B443D30F0A32
:106AA000D8B444D3380AD8B44AD3080AD8B450D397
:106AB000180AD8B456D3080AD8B45CD3380AD8B464
:106AC00062D3080AD8B468D3240AD8B46ED3100AA3
:106AD000D8B46FD3640AD8B470D3440AD8B471D38D
:106AE000380AD8B472D3100AD8B473D3200AD8B4F1
:106AF00074D3040AD8B475D3410AD8B476D3F00A53
:106B0000D8B477D3070AD8B478D3010AD8B479D3E4
:106B1000030AD8B47AD3010AD8B47BD3070AD8B40D
:106B20007CD3010AD8B47DD3430AD8B47ED3490AB2
:106B3000D8B47FD3070AD8B480D3010AD8B481D39C
:106B4000030AD8B482D3010AD8B483D3070AD8B4CD
:106B500084D3010AD8B485D3430AD8B486D3590A5A
:106B6000D8B487D3070AD8B488D3010AD8B489D354
:106B7000030AD8B48AD3010AD8B48BD3070AD8B48D
:106B80008CD3010AD8B48DD3430AD8B48ED3490A22
:106B9000D8B48FD3070AD8B490D3010AD8B491D30C
:106BA000030AD8B492D3010AD8B493D3070AD8B44D
:106BB00094D3010AD8B495D3430AD8B496D3790AAA
:106BC000D8B497D3070AD8B498D3010AD8B499D3C4
:106BD000030AD8B49AD3010AD8B49BD3070AD8B40D
:106BE0009CD3010AD8B49DD3430AD8B49ED3510A8A
:106BF000D8B49FD3070AD8B4A0D3010AD8B4A1D37C
:106C0000030AD8B4A2D3010AD8B4A3D3070AD8B4CC
:106C1000A4D3010AD8B4A5D3430AD8B4A6D3590A39
:106C2000D8B4A7D3070AD8B4A8D3010AD8B4A9D333
:106C3000030AD8B4AAD3010AD8B4ABD3070AD8B48C
:106C4000ACD3010AD8B4ADD3430AD8B4AED3510AF9
:106C5000D8B4AFD3070AD8B4B0D3010AD8B4B1D3EB
:106C6000030AD8B4B2D3010AD8B4B3D3070AD8B44C
:106C7000B4D3010AD8B4B5D3430AD8B4B6D3C20A40
:106C8000D8B4B7D3380AD8B4B8D3080AD8B4B9D36B
:106C9000180AD8B4BAD3080AD8B4BBD3380AD8B4BF
:106CA000BCD3080AD8B4BDD3110AD8B4BED3380AAD
:106CB000D8B4BFD3080AD8B4C0D3180AD8B4C1D343
:106CC000080AD8B4C2D3380AD8B4C3D3080AD8B48F
:106CD000C4D32E0AD8B4C5D3100AD8B4C6D3300A48
:106CE000D8B4C7D3100AD8B4C8D3380AD8B4C9D3D3
:106CF000100AD8B4CAD3300AD8B4CBD3100AD8B447
:106D0000CCD3320AD8B4CDD3100AD8B4CED3300AFB
:106D1000D8B4CFD3100AD8B4D0D33E0AD8B4D1D384
:106D2000080AD8B4D2D3180AD8B4D3D3080AD8B42E
:106D3000D4D3DC0AD8B4D5D3DB0AD8B4D6D3080A66
:106D4000D8B4D7D3D20AD8B4D8D3080AD8B4DCD3AD
:106D5000180AD8B4E1D3080AD8B4E6D3FA0AD8B4EA
:106D6000EBD3080AD8B4ECD3180AD8B4EDD3080A88
:106D7000D8B4EED3D10AD8B4EFD3100AD8B4F0D334
:106D8000340AD8B4F1D3090AD8B4F2D3080AD8B473
:106D9000F6D3180AD8B4FBD3080AD8B4CFEF3AF028
:106DA000150AD8B4D7EF3AF0090AD8B4DBEF3AF0B5
:106DB000080AD8B4E2EF3AF0180AD8B4EAEF3AF089
:106DC000080AD8B4F2EF3AF02D0AD8B4FAEF3AF044
:106DD000300AD8B4FEEF3AF0100AD8B402EF3BF014
:106DE000300AD8B406EF3BF0140AD8B40AEF3BF0EF
:106DF000300AD8B40EEF3BF0100AD8B412EF3BF0D3
:106E0000300AD8B416EF3BF0320AD8B41AEF3BF090
:106E1000080AD8B41EEF3BF0F40AD8B422EF3BF0D6
:106E2000180AD8B426EF3BF0080AD8B42AEF3BF092
:106E3000490AD8B42EEF3BF0850AD8B432EF3BF0C4
:106E4000080AD8B436EF3BF0100AD8B43AEF3BF05A
:106E5000E30AD8B43EEF3BF0D10AD8B442EF3BF09E
:106E6000FE0AD8B446EF3BF0670AD8B44AEF3BF0CD
:106E7000010AD8B455EF3BF0030AD8B460EF3BF0F9
:106E8000010AD8B46BEF3BF0070AD8B476EF3BF0B9
:106E9000010AD8B481EF3BF0030AD8B48CEF3BF081
:106EA000010AD8B4A9EF3BF00F0AD8B4B4EF3BF015
:106EB000010AD8B4BFEF3BF0030AD8B4CAEF3BF0E5
:106EC000010AD8B4D5EF3BF0070AD8B4E0EF3BF0A5
:106ED000010AD8B4EBEF3BF0030AD8B4F6EF3BF06D
:106EE000010AD8B413EF3CF01F0AD8B41EEF3CF0EF
:106EF000010AD8B429EF3CF0030AD8B434EF3CF0CF
:106F0000010AD8B43FEF3CF0070AD8B44AEF3CF08E
:106F1000010AD8B455EF3CF0030AD8B460EF3CF056
:106F2000010AD8B47DEF3CF00F0AD8B488EF3CF0EA
:106F3000010AD8B493EF3CF0030AD8B49EEF3CF0BA
:106F4000010AD8B4A9EF3CF0070AD8B4B4EF3CF07A
:106F5000010AD8B4BFEF3CF0030AD8B4CAEF3CF042
:106F6000010AD8B4E7EF3CF03F0AD8B4F2EF3CF0A6
:106F7000010AD8B4FDEF3CF0030AD8B408EF3DF0A5
:106F8000010AD8B413EF3DF0070AD8B41EEF3DF064
:106F9000010AD8B429EF3DF0030AD8B434EF3DF02C
:106FA000010AD8B451EF3DF00F0AD8B45CEF3DF0C0
:106FB000010AD8B467EF3DF0030AD8B472EF3DF090
:106FC000010AD8B47DEF3DF0070AD8B488EF3DF050
:106FD000010AD8B493EF3DF0030AD8B49EEF3DF018
:106FE000010AD8B4BBEF3DF01F0AD8B4C6EF3DF09C
:106FF000010AD8B4D3EF3DF0030AD8B4E0EF3DF076
:10700000010AD8B4EDEF3DF0070AD8B4FAEF3DF02D
:10701000010AD8B407EF3EF00D0AD8B414EF3EF0E1
:10702000010AD8B41FEF3EF0030AD8B42AEF3EF0AD
:10703000010AD8B435EF3EF0070AD8B440EF3EF06D
:10704000010AD8B44BEF3EF0020AD8B456EF3EF036
:107050004B0AD8B461EF3EF0010AD8B465EF3EF0B8
:10706000B30AD8B469EF3EF0080AD8B46DEF3EF029
:10707000180AD8B471EF3EF0080AD8B475EF3EF0A4
:10708000380AD8B479EF3EF0080AD8B47DEF3EF064
:10709000180AD8B481EF3EF0080AD8B485EF3EF064
:1070A000530AD8B489EF3EF02A0AD8B41CEF40F056
:1070B000080AD8B423EF40F0180AD8B42BEF40F0F8
:1070C000080AD8B433EF40F0380AD8B43BEF40F0A8
:1070D000080AD8B443EF40F0180AD8B44BEF40F098
:1070E000080AD8B453EF40F0340AD8B45BEF40F04C
:1070F000160AD8B4CDEF4CF0200AD8B4F1EF4FF017
:107100009CEF56F0B0EF12F0DEEF56F0D1EF12F038
:10711000DEEF56F0DCEF12F0DEEF56F0E7EF12F0A4
:10712000DEEF56F0F2EF12F0DEEF56F003018B6B5C
:107130000C0E8A6F00011EEC13F0DEEF56F0030117
:107140008B6B0E0E8A6F00011EEC13F0DEEF56F013
:1071500003018B6B0F0E8A6F00011EEC13F0DEEF44
:1071600056F003018B6B100E8A6F00011EEC13F0BA
:10717000DEEF56F003018B6B110E8A6F00011EECDF
:1071800013F0DEEF56F003018B6B120E8A6F0001D5
:107190001EEC13F0DEEF56F003018B6B130E8A6FBB
:1071A00000011EEC13F0DEEF56F03AEF13F0DEEFC5
:1071B00056F050EF13F0DEEF56F066EF13F0DEEF0F
:1071C00056F07CEF13F0DEEF56F097EF13F0DEEFA2
:1071D00056F0AAEF13F0DEEF56F0BDEF13F0DEEF3E
:1071E00056F0D5EF13F0DEEF56F028EF14F0DEEF97
:1071F00056F079EF14F0DEEF56F07EEF14F0DEEF8C
:1072000056F083EF14F0DEEF56F088EF14F0DEEF67
:1072100056F08DEF14F0DEEF56F092EF14F0DEEF43
:1072200056F097EF14F0DEEF56F09CEF14F0DEEF1F
:1072300056F0C8EF14F0DEEF56F0CDEF14F0DEEFAD
:1072400056F0D2EF14F0DEEF56F0D7EF14F0DEEF89
:1072500056F0DCEF14F0DEEF56F0E1EF14F0DEEF65
:1072600056F0E6EF14F0DEEF56F0EBEF14F0DEEF41
:1072700056F02DEF15F0DEEF56F032EF15F0DEEFA1
:1072800056F037EF15F0DEEF56F03CEF15F0DEEF7D
:1072900056F041EF15F0DEEF56F046EF15F0DEEF59
:1072A00056F04BEF15F0DEEF56F050EF15F0DEEF35
:1072B00056F07CEF15F0DEEF56F081EF15F0DEEFC3
:1072C00056F086EF15F0DEEF56F08BEF15F0DEEF9F
:1072D00056F090EF15F0DEEF56F095EF15F0DEEF7B
:1072E00056F09AEF15F0DEEF56F09FEF15F0DEEF57
:1072F00056F0C9EF15F0DEEF56F0CEEF15F0DEEFE9
:1073000056F0D3EF15F0DEEF56F0D8EF15F0DEEFC4
:1073100056F0DDEF15F0DEEF56F0E2EF15F0DEEFA0
:1073200056F0E7EF15F0DEEF56F0ECEF15F0DEEF7C
:1073300056F0FDEF15F0DEEF56F002EF16F0DEEF3F
:1073400056F007EF16F0DEEF56F00CEF16F0DEEF1A
:1073500056F011EF16F0DEEF56F016EF16F0DEEFF6
:1073600056F01BEF16F0DEEF56F020EF16F0DEEFD2
:1073700056F031EF16F0DEEF56F036EF16F0DEEF96
:1073800056F03BEF16F0DEEF56F040EF16F0DEEF72
:1073900056F045EF16F0DEEF56F04AEF16F0DEEF4E
:1073A00056F04FEF16F0DEEF56F054EF16F0DEEF2A
:1073B00056F06DEF16F0DEEF56F072EF16F0DEEFDE
:1073C00056F077EF16F0DEEF56F07CEF16F0DEEFBA
:1073D00056F081EF16F0DEEF56F086EF16F0DEEF96
:1073E00056F08BEF16F0DEEF56F090EF16F0DEEF72
:1073F00056F0ADEF16F0DEEF56F0B5EF16F0DEEF1B
:1074000056F0BDEF16F0DEEF56F0C5EF16F0DEEFEA
:1074100056F0CDEF16F0DEEF56F0D5EF16F0DEEFBA
:1074200056F0DDEF16F0DEEF56F0FAEF16F0DEEF75
:1074300056F002EF17F0DEEF56F00AEF17F0DEEF2E
:1074400056F012EF17F0DEEF56F01AEF17F0DEEFFE
:1074500056F022EF17F0DEEF56F02AEF17F0DEEFCE
:1074600056F05AEF17F0DEEF56F065EF17F0DEEF4B
:1074700056F070EF17F0DEEF56F07BEF17F0DEEF0F
:1074800056F0A9EF17F0DEEF56F0B4EF17F0DEEF8D
:1074900056F0BFEF17F0DEEF56F0CAEF17F0DEEF51
:1074A00056F015EF18F0DEEF56F01CEF18F0DEEF97
:1074B00056F023EF18F0DEEF56F02AEF18F0DEEF6B
:1074C00056F039EF18F0DEEF56F051EF18F0DEEF1E
:1074D00056F069EF18F0DEEF56F081EF18F0DEEFAE
:1074E00056F099EF18F0DEEF56F0AEEF18F0DEEF41
:1074F00056F0C2EF18F0DEEF56F003018A6B000180
:1075000079EC19F0DEEF56F0010E03018A6F0001ED
:1075100079EC19F0DEEF56F0020E03018A6F0001DC
:1075200079EC19F0DEEF56F0030E03018A6F0001CB
:1075300079EC19F0DEEF56F0D6EF19F0DEEF56F0E9
:1075400013EF1AF0DEEF56F050EF1AF0DEEF56F0C0
:107550008DEF1AF0DEEF56F0CAEF1AF0DEEF56F0BC
:1075600000EF1BF0DEEF56F032EF1BF0DEEF56F0CF
:1075700003018A6B000168EC1BF0DEEF56F0010E90
:1075800003018A6F000168EC1BF0DEEF56F0020E7B
:1075900003018A6F000168EC1BF0DEEF56F0030E6A
:1075A00003018A6F000168EC1BF0DEEF56F0D2ECAD
:1075B0001BF0DEEF56F003018A6B0001F4EC1BF0C8
:1075C000DEEF56F0010E03018A6F0001F4EC1BF0B0
:1075D000DEEF56F0020E03018A6F0001F4EC1BF09F
:1075E000DEEF56F0030E03018A6F0001F4EC1BF08E
:1075F000DEEF56F046EF1CF0DEEF56F04DEF1CF0DC
:10760000DEEF56F054EF1CF0DEEF56F05BEF1CF0AF
:10761000DEEF56F08FEF1CF0DEEF56F09AEF1CF025
:10762000DEEF56F0A5EF1CF0DEEF56F0B0EF1CF0E9
:10763000DEEF56F028EF1DF0DEEF56F0DAEF1DF02A
:10764000DEEF56F02BEF1EF0DEEF56F030EF1EF0BF
:10765000DEEF56F036EF1EF0DEEF56F059EF1EF07B
:10766000DEEF56F0D4EF1EF0DEEF56F0E1EF1EF045
:10767000DEEF56F0EFEF1EF0DEEF56F0FDEF1EF0FE
:10768000DEEF56F00BEF1FF0DEEF56F031EF1FF09C
:10769000DEEF56F003018C6B0E0E8B6F0EC08DF378
:1076A0000001DBEC1FF0DEEF56F003018C6B0E0ED9
:1076B0008B6F0FC08DF30001DBEC1FF0DEEF56F097
:1076C00003018C6B0E0E8B6F10C08DF30001DBEC91
:1076D0001FF0DEEF56F003018C6B0E0E8B6F11C0A6
:1076E0008DF30001DBEC1FF0DEEF56F003018C6B35
:1076F0000E0E8B6F12C08DF30001DBEC1FF0DEEF7E
:1077000056F003018C6B0E0E8B6F13C08DF30001CE
:10771000DBEC1FF0DEEF56F003018B6B12C08AF337
:1077200012C08BF38A6B13508A1312C094F38AC36E
:1077300093F3000181EC10F001C08AF303018C6B1C
:107740000E0E8B6F01C08DF30001DBEC1FF0DEEF3E
:1077500056F003018C6B0E0E8B6F0CC08DF3000185
:10776000DBEC1FF0DEEF56F003018C6B0F0E8B6F1E
:107770000EC08DF30001DBEC1FF0DEEF56F00301CD
:107780008C6B0F0E8B6F0FC08DF30001DBEC1FF0C5
:10779000DEEF56F003018C6B0F0E8B6F10C08DF374
:1077A0000001DBEC1FF0DEEF56F003018C6B0F0ED7
:1077B0008B6F11C08DF30001DBEC1FF0DEEF56F094
:1077C00003018C6B0F0E8B6F12C08DF30001DBEC8D
:1077D0001FF0DEEF56F003018C6B0F0E8B6F13C0A2
:1077E0008DF30001DBEC1FF0DEEF56F003018B6B35
:1077F00012C08AF312C08BF38A6B13508A1312C023
:1078000094F38AC393F3000181EC10F001C08AF372
:1078100003018C6B0F0E8B6F01C08DF30001DBEC4D
:107820001FF0DEEF56F003018C6B0F0E8B6F0CC058
:107830008DF30001DBEC1FF0DEEF56F003018C6BE3
:10784000100E8B6F0EC08DF30001DBEC1FF0DEEF2E
:1078500056F003018C6B100E8B6F0FC08DF300017F
:10786000DBEC1FF0DEEF56F003018C6B100E8B6F1C
:1078700010C08DF30001DBEC1FF0DEEF56F00301CA
:107880008C6B100E8B6F11C08DF30001DBEC1FF0C1
:10789000DEEF56F003018C6B100E8B6F12C08DF370
:1078A0000001DBEC1FF0DEEF56F003018C6B100ED5
:1078B0008B6F13C08DF30001DBEC1FF0DEEF56F091
:1078C00003018B6B12C08AF312C08BF38A6B1350C7
:1078D0008A1312C094F38AC393F3000181EC10F071
:1078E00001C08AF303018C6B100E8B6F01C08DF306
:1078F0000001DBEC1FF0DEEF56F003018C6B100E85
:107900008B6F0CC08DF30001DBEC1FF0DEEF56F047
:1079100003018C6B110E8B6F0EC08DF30001DBEC3D
:107920001FF0DEEF56F003018C6B110E8B6F0FC052
:107930008DF30001DBEC1FF0DEEF56F003018C6BE2
:10794000110E8B6F10C08DF30001DBEC1FF0DEEF2A
:1079500056F003018C6B110E8B6F11C08DF300017B
:10796000DBEC1FF0DEEF56F003018C6B110E8B6F1A
:1079700012C08DF30001DBEC1FF0DEEF56F00301C7
:107980008C6B110E8B6F13C08DF30001DBEC1FF0BD
:10799000DEEF56F003018B6B12C08AF312C08BF33B
:1079A0008A6B13508A1312C094F38AC393F30001B5
:1079B00081EC10F001C08AF303018C6B110E8B6F08
:1079C00001C08DF30001DBEC1FF0DEEF56F0030188
:1079D0008C6B110E8B6F0CC08DF30001DBEC1FF074
:1079E000DEEF56F003018C6B120E8B6F0EC08DF321
:1079F0000001DBEC1FF0DEEF56F003018C6B120E82
:107A00008B6F0FC08DF30001DBEC1FF0DEEF56F043
:107A100003018C6B120E8B6F10C08DF30001DBEC39
:107A20001FF0DEEF56F003018C6B120E8B6F11C04E
:107A30008DF30001DBEC1FF0DEEF56F003018C6BE1
:107A4000120E8B6F12C08DF30001DBEC1FF0DEEF26
:107A500056F003018C6B120E8B6F13C08DF3000177
:107A6000DBEC1FF0DEEF56F003018B6B12C08AF3E4
:107A700012C08BF38A6B13508A1312C094F38AC31B
:107A800093F3000181EC10F001C08AF303018C6BC9
:107A9000120E8B6F01C08DF30001DBEC1FF0DEEFE7
:107AA00056F003018C6B120E8B6F0CC08DF300012E
:107AB000DBEC1FF0DEEF56F003018C6B130E8B6FC7
:107AC0000EC08DF30001DBEC1FF0DEEF56F003017A
:107AD0008C6B130E8B6F0FC08DF30001DBEC1FF06E
:107AE000DEEF56F003018C6B130E8B6F10C08DF31D
:107AF0000001DBEC1FF0DEEF56F003018C6B130E80
:107B00008B6F11C08DF30001DBEC1FF0DEEF56F040
:107B100003018C6B130E8B6F12C08DF30001DBEC35
:107B20001FF0DEEF56F003018C6B130E8B6F13C04A
:107B30008DF30001DBEC1FF0DEEF56F003018B6BE1
:107B400012C08AF312C08BF38A6B13508A1312C0CF
:107B500094F38AC393F3000181EC10F001C08AF31F
:107B600003018C6B130E8B6F01C08DF30001DBECF6
:107B70001FF0DEEF56F003018C6B130E8B6F0CC001
:107B80008DF30001DBEC1FF0DEEF56F0000E13105A
:107B900003018A6F946B936F0EC095F30001EFECB5
:107BA0000FF0DEEF56F0000E131003018A6F946B96
:107BB000936F0FC095F30001EFEC0FF0DEEF56F07E
:107BC000000E131003018A6F946B936F10C095F32E
:107BD0000001EFEC0FF0DEEF56F0000E1310030182
:107BE0008A6F946B936F11C095F30001EFEC0FF067
:107BF000DEEF56F0000E131003018A6F946B936F43
:107C000012C095F30001EFEC0FF0DEEF56F0000E1E
:107C1000131003018A6F946B936F13C095F30001E7
:107C2000EFEC0FF0DEEF56F003018C6B0C0E8B6F58
:107C30000EC08DF30001DBEC1FF0DEEF56F0030108
:107C40008C6B0C0E8B6F0FC08DF30001DBEC1FF003
:107C5000DEEF56F003018C6B0C0E8B6F10C08DF3B2
:107C60000001DBEC1FF0DEEF56F003018C6B0C0E15
:107C70008B6F11C08DF30001DBEC1FF0DEEF56F0CF
:107C800003018C6B0C0E8B6F12C08DF30001DBECCB
:107C90001FF0DEEF56F003018C6B0C0E8B6F13C0E0
:107CA0008DF30001DBEC1FF0DEEF56F003018C6B6F
:107CB0000C0E8B6F0CC08DF30001DBEC1FF0DEEFC0
:107CC00056F0F0EF1FF0DEEF56F037EF20F0DEEF6A
:107CD00056F07FEF20F0DEEF56F025EF21F0DEEFDB
:107CE00056F0A1EF21F0DEEF56F004EF22F0DEEFC8
:107CF00056F080EF22F0DEEF56F0E3EF22F0DEEFF9
:107D000056F046EF23F0DEEF56F0A9EF23F0DEEF5A
:107D100056F0E1EC0BF001C03AF303013A51400A8E
:107D20000001D8B488D0080AD8B48DD0180AD8B4C5
:107D300092D0080AD8B497D0380AD8B49CD0080A90
:107D4000D8B4A1D0100AD8B4A6D0DA0AD8B4ABD02F
:107D5000100AD8B4ABD0180AD8B4ABD0100AD8B433
:107D6000ABD0FB0AD8B4ABD0080AD8B4ADD0180A4F
:107D7000D8B4AFD0080AD8B4B1D0380AD8B4B3D088
:107D8000080AD8B4B5D0100AD8B4B7D0DA0AD8B433
:107D9000B9D0100AD8B4B9D0180AD8B4B9D0100ADA
:107DA000D8B4B9D0FF0AD8B4B9D0020AD8B4B9D07F
:107DB000100AD8B4BCD0080AD8B4C0D0130AD8B4BA
:107DC000C4D0080AD8B4C4D0120AD8B4C4D0080A9F
:107DD000D8B4C4D0180AD8B4C4D0080AD8B4C4D00F
:107DE000EF0AD8B4C4D0100AD8B4C4D0180AD8B492
:107DF000C4D0100AD8B4C4D0190AD8B4C4D0100A58
:107E0000D8B4C4D0180AD8B4C4D0100AD8B4C4D0D6
:107E1000DE0AD8B4C4D0080AD8B4C4D02D0AD8B465
:107E2000C4D0100AD8B4CBD0300AD8B4D2D0100AFB
:107E3000D8B4D9D0DFD003018B6B0E0E8A6F00014E
:107E40002BEC24F0F7D003018B6B0F0E8A6F00012F
:107E50002BEC24F0EFD003018B6B100E8A6F000126
:107E60002BEC24F0E7D003018B6B110E8A6F00011D
:107E70002BEC24F0DFD003018B6B120E8A6F000114
:107E80002BEC24F0D7D003018B6B130E8A6F00010B
:107E90002BEC24F0CFD003018B6B0C0E8A6F00010A
:107EA0002BEC24F0C7D039EF25F0C4D098EF25F0A3
:107EB000C1D0C9EC25F0BED01CEF26F0BBD00EC05F
:107EC0008AF331EC26F0B6D00FC08AF331EC26F0FD
:107ED000B1D010C08AF331EC26F0ACD011C08AF3D7
:107EE00031EC26F0A7D012C08AF331EC26F0A2D0F4
:107EF00013C08AF331EC26F09DD00CC08AF331EC2C
:107F000026F098D0FAEF26F095D058EF27F092D0CF
:107F100088EC27F08FD0DAEF27F08CD0EFEF27F046
:107F200089D003018A6B000108EC28F083D0010E90
:107F300003018A6F000108EC28F07CD0020E0301D7
:107F40008A6F000108EC28F075D02CEF28F072D071
:107F50003CEF28F06FD04AEF28F06CD08CEF28F07F
:107F600069D0CEEF28F066D006EF29F063D03EEC62
:107F700029F060D0FEEF29F05DD015EC2AF05AD040
:107F8000BBEF2AF057D0D2EC2AF054D067EF2BF099
:107F900051D080EC2BF04ED016EF2CF04BD02FEFC1
:107FA0002CF048D09CEF2CF045D0000E0F100301B0
:107FB0008A6F8C6B8B6F00010AEC2DF03BD0000EAA
:107FC000111003018A6F8C6B8B6F00010AEC2DF08E
:107FD00031D0000E131003018A6F8C6B8B6F000180
:107FE0000AEC2DF027D007C08CF306C08BF30AEC07
:107FF0002DF020D0700EF66E0B0EF76E000EF86EA0
:10800000130E03019B6F00016BEC09F03AC39BF365
:10801000370E03019C6F000183EC09F00D0E030184
:10802000A06F0001F5EC08F00A0E0301A06F00013B
:10803000F5EC08F0DEEF56F003018A6B000136EC38
:108040002EF0DEEF56F0080E03018A6F000136ECC9
:108050002EF0DEEF56F0100E03018A6F000136ECB1
:108060002EF0DEEF56F0180E03018A6F000136EC99
:108070002EF0DEEF56F0200E03018A6F000136EC81
:108080002EF0DEEF56F0280E03018A6F000136EC69
:108090002EF0DEEF56F0300E03018A6F000136EC51
:1080A0002EF0DEEF56F0380E03018A6F000136EC39
:1080B0002EF0DEEF56F0E1EC0BF001C03BF30301D4
:1080C0003D6B3C6B3B510708D8A031D13B51070BAE
:1080D000F80FD8B0D8D0080F0001DFEF56F0030139
:1080E0003D6B0E0E3C6F030EEA6E3E0EE96E000E07
:1080F000000102EC00F00A000900F550EE6E0009E4
:10810000FBE10301C0D003013D6B0F0E3C6F030E7A
:10811000EA6E3E0EE96E000E00010DEC00F00A0062
:108120000900F550EE6E0009FBE10301ACD003013C
:108130003D6B100E3C6F030EEA6E3E0EE96E000EB4
:10814000000118EC00F00A000900F550EE6E00097D
:10815000FBE1030198D003013D6B110E3C6F030E50
:10816000EA6E3E0EE96E000E000123EC00F00A00FC
:108170000900F550EE6E0009FBE1030184D0030114
:108180003D6B120E3C6F030EEA6E3E0EE96E000E62
:1081900000012EEC00F00A000900F550EE6E000917
:1081A000FBE1030170D003013D6B130E3C6F030E26
:1081B000EA6E3E0EE96E000E000139EC00F00A0096
:1081C0000900F550EE6E0009FBE103015CD00301EC
:1081D0008B6B12C08AF312C08BF38A6B8A51131017
:1081E000436F12C044F344C394F343C393F30001B9
:1081F00081EC10F001C045F3030E03018B6F450EB7
:108200008A6F00017DEC2EF044C394F343C393F3D3
:1082100045C395F3EFEC0FF0880EF66E0B0EF76E7C
:10822000000EF86E110E03019B6F00016BEC09F05C
:1082300045C39BF3370E03019C6F000183EC09F0EB
:108240000D0E0301A06F0001F5EC08F00A0E03010A
:10825000A06F0001F5EC08F0030115D003013D6BA0
:108260000C0E3C6F030EEA6E3E0EE96E000E00012E
:1082700044EC00F00A000900F550EE6E0009FBE145
:10828000030101D003013C5302E13D534EE03DC3E5
:108290008BF33CC38AF300017DEC2EF03DC303F069
:1082A00003013CC3E9FF3DC3EAFFEFCF8AF39E0E13
:1082B000F66E0B0EF76E000EF86E040E9B6F00014B
:1082C0006BEC09F0030EEA6E3E0EE96E18EC24F03A
:1082D000A40EF66E0B0EF76E000EF86E040E030180
:1082E0009B6F00016BEC09F0030EEA6E3E0EE96E27
:1082F00018EC24F03D0E0301A06F0001F5EC08F02E
:108300008AC39BF3370E03019C6F000183EC09F0D5
:108310000D0E0301A06F0001F5EC08F00A0E030139
:10832000A06F0001F5EC08F00301CAEF4CF03B51DF
:108330000708D8B035D13B510F08D8A031D13B51F7
:10834000070BF80FD8B0D8D0080F0001F7EF56F0A0
:1083500003013D6B0E0E3C6F030EEA6E3E0EE96E9E
:10836000000E000102EC00F00A000900F550EE6E6C
:108370000009FBE10301C0D003013D6B0F0E3C6F10
:10838000030EEA6E3E0EE96E000E00010DEC00F0E9
:108390000A000900F550EE6E0009FBE10301ACD0C4
:1083A00003013D6B100E3C6F030EEA6E3E0EE96E4C
:1083B000000E000118EC00F00A000900F550EE6E06
:1083C0000009FBE1030198D003013D6B110E3C6FE6
:1083D000030EEA6E3E0EE96E000E000123EC00F083
:1083E0000A000900F550EE6E0009FBE1030184D09C
:1083F00003013D6B120E3C6F030EEA6E3E0EE96EFA
:10840000000E00012EEC00F00A000900F550EE6E9F
:108410000009FBE1030170D003013D6B130E3C6FBB
:10842000030EEA6E3E0EE96E000E000139EC00F01C
:108430000A000900F550EE6E0009FBE103015CD073
:1084400003018B6B12C08AF312C08BF38A6B8A51C3
:108450001310466F12C047F347C394F346C393F318
:10846000000181EC10F001C048F3030E03018B6F93
:10847000480E8A6F0001CCEC2EF047C394F346C33C
:1084800093F348C395F3EFEC0FF0B00EF66E0B0EBE
:10849000F76E000EF86E110E03019B6F00016BEC7E
:1084A00009F048C39BF3370E03019C6F000183EC76
:1084B00009F00A0E0301A06F0001F5EC08F00D0EA3
:1084C0000301A06F0001F5EC08F0030115D00301D2
:1084D0003D6B0C0E3C6F030EEA6E3E0EE96E000E15
:1084E000000144EC00F00A000900F550EE6E0009AE
:1084F000FBE1030101D003013C5302E13D534EE097
:108500003DC38BF33CC38AF30001CCEC2EF03DC39A
:1085100003F003013CC3E9FF3DC3EAFFEFCF8AF359
:10852000C60EF66E0B0EF76E000EF86E040E9B6F05
:1085300000016BEC09F0030EEA6E3E0EE96E18ECDA
:1085400024F0CC0EF66E0B0EF76E000EF86E040ED5
:1085500003019B6F00016BEC09F0030EEA6E3E0E07
:10856000E96E18EC24F03D0E0301A06F0001F5EC5C
:1085700008F08AC39BF3370E03019C6F000183EC64
:1085800009F00A0E0301A06F0001F5EC08F00D0ED2
:108590000301A06F0001F5EC08F00301CAEF4CF0F5
:1085A0003B510F08D8B035D13B511708D8A031D175
:1085B0003B51070BF80FD8B0D8D0080F00010FEFD0
:1085C00057F003013D6B0E0E3C6F030EEA6E3E0E3C
:1085D000E96E000E000102EC00F00A000900F550FF
:1085E000EE6E0009FBE10301C0D003013D6B0F0EED
:1085F0003C6F030EEA6E3E0EE96E000E00010DECBC
:1086000000F00A000900F550EE6E0009FBE10301DD
:10861000ACD003013D6B100E3C6F030EEA6E3E0EB4
:10862000E96E000E000118EC00F00A000900F55098
:10863000EE6E0009FBE1030198D003013D6B110EC2
:108640003C6F030EEA6E3E0EE96E000E000123EC55
:1086500000F00A000900F550EE6E0009FBE103018D
:1086600084D003013D6B120E3C6F030EEA6E3E0E8A
:10867000E96E000E00012EEC00F00A000900F55032
:10868000EE6E0009FBE1030170D003013D6B130E98
:108690003C6F030EEA6E3E0EE96E000E000139ECEF
:1086A00000F00A000900F550EE6E0009FBE103013D
:1086B0005CD003018B6B12C08AF312C08BF38A6B00
:1086C0008A511310496F12C04AF34AC394F349C345
:1086D00093F3000181EC10F001C04BF3030E030192
:1086E0008B6F4B0E8A6F00011BEC2FF04AC394F383
:1086F00049C393F34BC395F3EFEC0FF0D80EF66E2E
:108700000B0EF76E000EF86E100E03019B6F00014A
:108710006BEC09F04BC39BF3370E03019C6F000118
:1087200083EC09F00A0E0301A06F0001F5EC08F0DC
:108730000D0E0301A06F0001F5EC08F0030115D048
:1087400003013D6B0C0E3C6F030EEA6E3E0EE96EAC
:10875000000E000144EC00F00A000900F550EE6E36
:108760000009FBE1030101D003013C5302E13D5349
:108770004EE03DC38BF33CC38AF300011BEC2FF0AA
:108780003DC303F003013CC3E9FF3DC3EAFFEFCF64
:108790008AF3EE0EF66E0B0EF76E000EF86E030EF9
:1087A0009B6F00016BEC09F0030EEA6E3E0EE96E62
:1087B00018EC24F0F30EF66E0B0EF76E000EF86E4A
:1087C000040E03019B6F00016BEC09F0030EEA6ECF
:1087D0003E0EE96E18EC24F03D0E0301A06F00017F
:1087E000F5EC08F08AC39BF3370E03019C6F000180
:1087F00083EC09F00A0E0301A06F0001F5EC08F00C
:108800000D0E0301A06F0001F5EC08F00301CAEFA3
:108810004CF03B511708D8B035D13B511F08D8A0B8
:1088200031D13B51070BF80FD8B0D8D0080F000159
:1088300027EF57F003013D6B0E0E3C6F030EEA6EFF
:108840003E0EE96E000E000102EC00F00A00090085
:10885000F550EE6E0009FBE10301C0D003013D6B52
:108860000F0E3C6F030EEA6E3E0EE96E000E000125
:108870000DEC00F00A000900F550EE6E0009FBE176
:108880000301ACD003013D6B100E3C6F030EEA6E8A
:108890003E0EE96E000E000118EC00F00A0009001F
:1088A000F550EE6E0009FBE1030198D003013D6B2A
:1088B000110E3C6F030EEA6E3E0EE96E000E0001D3
:1088C00023EC00F00A000900F550EE6E0009FBE110
:1088D000030184D003013D6B120E3C6F030EEA6E60
:1088E0003E0EE96E000E00012EEC00F00A000900B9
:1088F000F550EE6E0009FBE1030170D003013D6B02
:10890000130E3C6F030EEA6E3E0EE96E000E000180
:1089100039EC00F00A000900F550EE6E0009FBE1A9
:1089200003015CD003018B6B12C08AF312C08BF37E
:108930008A6B8A5113104C6F12C04DF34DC394F3E0
:108940004CC393F3000181EC10F001C04EF3030E11
:1089500003018B6F4E0E8A6F000164EC2FF04DC344
:1089600094F34CC393F34EC395F3EFEC0FF0000E6A
:10897000F66E0C0EF76E000EF86E100E03019B6F74
:1089800000016BEC09F04EC39BF3370E03019C6FA3
:10899000000183EC09F00A0E0301A06F0001F5EC61
:1089A00008F00D0E0301A06F0001F5EC08F00301C3
:1089B00015D003013D6B0C0E3C6F030EEA6E3E0EAC
:1089C000E96E000E000144EC00F00A000900F550C9
:1089D000EE6E0009FBE1030101D003013C5302E10B
:1089E0003D534EE03DC38BF33CC38AF3000164EC7E
:1089F0002FF03DC303F003013CC3E9FF3DC3EAFF91
:108A0000EFCF8AF3160EF66E0C0EF76E000EF86EB0
:108A1000030E9B6F00016BEC09F0030EEA6E3E0E35
:108A2000E96E18EC24F01B0EF66E0C0EF76E000EBD
:108A3000F86E040E03019B6F00016BEC09F0030E4E
:108A4000EA6E3E0EE96E18EC24F03D0E0301A06FB5
:108A50000001F5EC08F08AC39BF3370E03019C6F0D
:108A6000000183EC09F00A0E0301A06F0001F5EC90
:108A700008F00D0E0301A06F0001F5EC08F00301F2
:108A8000CAEF4CF03B511F08D8B035D13B512708F5
:108A9000D8A031D13B51070BF80FD8B0D8D0080F70
:108AA00000013FEF57F003013D6B0E0E3C6F030ECC
:108AB000EA6E3E0EE96E000E000102EC00F00A00C4
:108AC0000900F550EE6E0009FBE10301C0D003017F
:108AD0003D6B0F0E3C6F030EEA6E3E0EE96E000E0C
:108AE00000010DEC00F00A000900F550EE6E0009DF
:108AF000FBE10301ACD003013D6B100E3C6F030E94
:108B0000EA6E3E0EE96E000E000118EC00F00A005D
:108B10000900F550EE6E0009FBE1030198D0030156
:108B20003D6B110E3C6F030EEA6E3E0EE96E000EB9
:108B3000000123EC00F00A000900F550EE6E000978
:108B4000FBE1030184D003013D6B120E3C6F030E69
:108B5000EA6E3E0EE96E000E00012EEC00F00A00F7
:108B60000900F550EE6E0009FBE1030170D003012E
:108B70003D6B130E3C6F030EEA6E3E0EE96E000E67
:108B8000000139EC00F00A000900F550EE6E000912
:108B9000FBE103015CD003018B6B12C08AF312C0AE
:108BA0008BF38A6B8A5113104F6F12C050F350C36E
:108BB00094F34FC393F3000181EC10F001C051F323
:108BC000030E03018B6F510E8A6F0001ADEC2FF085
:108BD00050C394F34FC393F351C395F3EFEC0FF0ED
:108BE000280EF66E0C0EF76E000EF86E110E0301D5
:108BF0009B6F00016BEC09F051C39BF3370E03012F
:108C00009C6F000183EC09F00A0E0301A06F0001C4
:108C1000F5EC08F00D0E0301A06F0001F5EC08F073
:108C2000030115D003013D6B0C0E3C6F030EEA6E81
:108C30003E0EE96E000E000144EC00F00A0009004F
:108C4000F550EE6E0009FBE1030101D003013C5336
:108C500002E13D534EE03DC38BF33CC38AF3000178
:108C6000ADEC2FF03DC303F003013CC3E9FF3DC36E
:108C7000EAFFEFCF8AF33E0EF66E0C0EF76E000E93
:108C8000F86E040E9B6F00016BEC09F0030EEA6EA8
:108C90003E0EE96E18EC24F0440EF66E0C0EF76EE4
:108CA000000EF86E040E03019B6F00016BEC09F0DF
:108CB000030EEA6E3E0EE96E18EC24F03D0E030141
:108CC000A06F0001F5EC08F08AC39BF3370E030197
:108CD0009C6F000183EC09F00A0E0301A06F0001F4
:108CE000F5EC08F00D0E0301A06F0001F5EC08F0A3
:108CF0000301CAEF4CF03B512708D8B035D13B51A6
:108D00002F08D8A031D13B51070BF80FD8B0D8D0DD
:108D1000080F000157EF57F003013D6B0E0E3C6F3B
:108D2000030EEA6E3E0EE96E000E000102EC00F04A
:108D30000A000900F550EE6E0009FBE10301C0D006
:108D400003013D6B0F0E3C6F030EEA6E3E0EE96EA3
:108D5000000E00010DEC00F00A000900F550EE6E67
:108D60000009FBE10301ACD003013D6B100E3C6F29
:108D7000030EEA6E3E0EE96E000E000118EC00F0E4
:108D80000A000900F550EE6E0009FBE1030198D0DE
:108D900003013D6B110E3C6F030EEA6E3E0EE96E51
:108DA000000E000123EC00F00A000900F550EE6E01
:108DB0000009FBE1030184D003013D6B120E3C6FFF
:108DC000030EEA6E3E0EE96E000E00012EEC00F07E
:108DD0000A000900F550EE6E0009FBE1030170D0B6
:108DE00003013D6B130E3C6F030EEA6E3E0EE96EFF
:108DF000000E000139EC00F00A000900F550EE6E9B
:108E00000009FBE103015CD003018B6B12C08AF304
:108E100012C08BF38A6B8A511310526F12C053F336
:108E200053C394F352C393F3000181EC10F001C0DB
:108E300054F3030E03018B6F540E8A6F0001EFECA5
:108E40002FF053C394F352C393F354C395F3EFEC51
:108E50000FF0500EF66E0C0EF76E000EF86E110E3F
:108E600003019B6F00016BEC09F054C39BF3370EB9
:108E700003019C6F000183EC09F00A0E0301A06F4F
:108E80000001F5EC08F00D0E0301A06F0001F5ECF8
:108E900008F0030115D003013D6B0C0E3C6F030E6F
:108EA000EA6E3E0EE96E000E000144EC00F00A008E
:108EB0000900F550EE6E0009FBE1030101D003014A
:108EC0003C5302E13D534EE03DC38BF33CC38AF378
:108ED0000001EFEC2FF03DC303F003013CC3E9FFB9
:108EE0003DC3EAFFEFCF8AF3660EF66E0C0EF76E07
:108EF000000EF86E040E9B6F00016BEC09F0030E80
:108F0000EA6E3E0EE96E18EC24F06C0EF66E0C0E56
:108F1000F76E000EF86E040E03019B6F00016BEC00
:108F200009F0030EEA6E3E0EE96E18EC24F03D0ED9
:108F30000301A06F0001F5EC08F08AC39BF3370E24
:108F400003019C6F000183EC09F00A0E0301A06F7E
:108F50000001F5EC08F00D0E0301A06F0001F5EC27
:108F600008F00301CAEF4CF03B513708D8B035D1B7
:108F70003B513F08D8A031D13B51070BF80FD8B077
:108F8000D8D0080F00016FEF57F003013D6B0E0EB4
:108F90003C6F030EEA6E3E0EE96E000E000102EC1D
:108FA00000F00A000900F550EE6E0009FBE1030134
:108FB000C0D003013D6B0F0E3C6F030EEA6E3E0EF8
:108FC000E96E000E00010DEC00F00A000900F550FA
:108FD000EE6E0009FBE10301ACD003013D6B100E06
:108FE0003C6F030EEA6E3E0EE96E000E000118ECB7
:108FF00000F00A000900F550EE6E0009FBE10301E4
:1090000098D003013D6B110E3C6F030EEA6E3E0ECD
:10901000E96E000E000123EC00F00A000900F55093
:10902000EE6E0009FBE1030184D003013D6B120EDB
:109030003C6F030EEA6E3E0EE96E000E00012EEC50
:1090400000F00A000900F550EE6E0009FBE1030193
:1090500070D003013D6B130E3C6F030EEA6E3E0EA3
:10906000E96E000E000139EC00F00A000900F5502D
:10907000EE6E0009FBE103015CD003018B6B12C0B3
:109080008AF312C08BF38A6B8A511310556F12C08A
:1090900056F356C394F355C393F3000181EC10F0DB
:1090A00001C057F3030E03018B6F570E8A6F000147
:1090B00039EC30F056C394F355C393F357C395F38B
:1090C000EFEC0FF0780EF66E0C0EF76E000EF86EE9
:1090D000110E03019B6F00016BEC09F057C39BF36A
:1090E000370E03019C6F000183EC09F00A0E0301A7
:1090F000A06F0001F5EC08F00D0E0301A06F000158
:10910000F5EC08F0030115D003013D6B0C0E3C6F2C
:10911000030EEA6E3E0EE96E000E000144EC00F014
:109120000A000900F550EE6E0009FBE1030101D0D1
:1091300003013C5302E13D534EE03DC38BF33CC37E
:109140008AF3000139EC30F03DC303F003013CC366
:10915000E9FF3DC3EAFFEFCF8AF38E0EF66E0C0EE9
:10916000F76E000EF86E040E9B6F00016BEC09F0B9
:10917000030EEA6E3E0EE96E18EC24F0940EF66EC5
:109180000C0EF76E000EF86E040E03019B6F0001CB
:109190006BEC09F0030EEA6E3E0EE96E18EC24F05B
:1091A0003D0E0301A06F0001F5EC08F08AC39BF3AC
:1091B000370E03019C6F000183EC09F00A0E0301D6
:1091C000A06F0001F5EC08F00D0E0301A06F000187
:1091D000F5EC08F00301CAEF4CF03B513F08D8B062
:1091E000EFD03B517F08D8A0EBD03B31006E00326E
:1091F00000321F0E00160050070B586F3B51070B33
:10920000F80FD8B094D0080F000187EF57F00EC0C8
:1092100059F3030EEA6E3E0EE96E000E02EC00F00A
:109220000A000900F550EE6E0009FBE103017FD052
:109230000FC059F3030EEA6E3E0EE96E000E0DEC00
:1092400000F00A000900F550EE6E0009FBE1030191
:109250006ED010C059F3030EEA6E3E0EE96E000E9A
:1092600018EC00F00A000900F550EE6E0009FBE171
:1092700003015DD011C059F3030EEA6E3E0EE96E94
:10928000000E23EC00F00A000900F550EE6E000914
:10929000FBE103014CD012C059F3030EEA6E3E0EFF
:1092A000E96E000E2EEC00F00A000900F550EE6E9B
:1092B0000009FBE103013BD013C059F3030EEA6E32
:1092C0003E0EE96E000E39EC00F00A000900F55080
:1092D000EE6E0009FBE103012AD0000E131003011A
:1092E0008A6F946B936F000181EC10F001C059F309
:1092F000030EEA6E3E0EE96E000E5AEC00F00A0014
:109300000900F550EE6E0009FBE1030110D00CC01E
:1093100059F3030EEA6E3E0EE96E000E44EC00F0C7
:109320000A000900F550EE6E0009FBE1030158C385
:109330008AF359C38BF300017BEF30F0A00EF66E79
:109340000C0EF76E000EF86E040E03019B6F000109
:109350006BEC09F058C39AF3180E03019B6F0001E0
:10936000F4EC09F02C0E0301A06F0001F5EC08F0FD
:10937000030EEA6E3E0EE96E18EC24F0A90EF66EAE
:109380000C0EF76E000EF86E060E03019B6F0001C7
:109390006BEC09F00DC09BF3370E03019C6F0001CD
:1093A00083EC09F00A0E0301A06F0001F5EC08F050
:1093B0000D0E0301A06F0001F5EC08F0EAD20301E5
:1093C0003B51BF08D8B05FD13B31006E0032003254
:1093D0001F0E00160050070B5A6F3B51070BF80F7A
:1093E000D8B0EED0080F00019FEF57F003013D6B9E
:1093F0000E0E3C6F030EEA6E3E0EE96E000E00018B
:1094000002EC00F00A000900F550EE6E0009FBE1E5
:109410000301D6D003013D6B0F0E3C6F030EEA6EC5
:109420003E0EE96E000E00010DEC00F00A0009008E
:10943000F550EE6E0009FBE10301C2D003013D6B64
:10944000100E3C6F030EEA6E3E0EE96E000E000138
:1094500018EC00F00A000900F550EE6E0009FBE17F
:109460000301AED003013D6B110E3C6F030EEA6E9B
:109470003E0EE96E000E000123EC00F00A00090028
:10948000F550EE6E0009FBE103019AD003013D6B3C
:10949000120E3C6F030EEA6E3E0EE96E000E0001E6
:1094A0002EEC00F00A000900F550EE6E0009FBE119
:1094B000030186D003013D6B130E3C6F030EEA6E71
:1094C0003E0EE96E000E000139EC00F00A000900C2
:1094D000F550EE6E0009FBE1030172D003018B6BC6
:1094E00012C08AF312C08BF38A6B8A5113105B6F20
:1094F00012C05CF35CC394F35BC393F3000181EC93
:1095000010F001C05DF35AC38AF3030E03018C6FA0
:109510005D0E8B6F000196EC30F05CC394F35BC37F
:1095200093F35DC395F3EFEC0FF0B40EF66E0C0EF3
:10953000F76E000EF86E040E03019B6F00016BECDA
:1095400009F05AC39AF3180E03019B6F0001F4EC63
:1095500009F0BA0EF66E0C0EF76E000EF86E0E0ED7
:1095600003019B6F00016BEC09F05DC39BF3370EA9
:1095700003019C6F000183EC09F00A0E0301A06F48
:109580000001F5EC08F00D0E0301A06F0001F5ECF1
:1095900008F0030115D003013D6B0C0E3C6F030E68
:1095A000EA6E3E0EE96E000E000144EC00F00A0087
:1095B0000900F550EE6E0009FBE1030101D0030143
:1095C0003C5302E13D535EE05AC38AF33DC38CF342
:1095D0003CC38BF3000196EC30F03DC303F0030174
:1095E0003CC3E9FF3DC3EAFFEFCF8AF3CE0EF66E30
:1095F0000C0EF76E000EF86E040E9B6F00016BEC04
:1096000009F05AC39AF3180E03019B6F0001F4ECA2
:1096100009F02C0E0301A06F0001F5EC08F0030E19
:10962000EA6E3E0EE96E18EC24F0D70EF66E0C0EC4
:10963000F76E000EF86E040E03019B6F00016BECD9
:1096400009F0030EEA6E3E0EE96E18EC24F03D0EB2
:109650000301A06F0001F5EC08F08AC39BF3370EFD
:1096600003019C6F000183EC09F00A0E0301A06F57
:109670000001F5EC08F00D0E0301A06F0001F5EC00
:1096800008F0030187D13B517F08D8B063D13B512B
:10969000BF08D8A05FD13B31006E003200321F0EF0
:1096A00000160050070B5E6F3B51070BF80FD8B048
:1096B000EED0080F0001B7EF57F003013D6B0E0E1F
:1096C0003C6F030EEA6E3E0EE96E000E000102ECE6
:1096D00000F00A000900F550EE6E0009FBE10301FD
:1096E000D6D003013D6B0F0E3C6F030EEA6E3E0EAB
:1096F000E96E000E00010DEC00F00A000900F550C3
:10970000EE6E0009FBE10301C2D003013D6B100EB8
:109710003C6F030EEA6E3E0EE96E000E000118EC7F
:1097200000F00A000900F550EE6E0009FBE10301AC
:10973000AED003013D6B110E3C6F030EEA6E3E0E80
:10974000E96E000E000123EC00F00A000900F5505C
:10975000EE6E0009FBE103019AD003013D6B120E8E
:109760003C6F030EEA6E3E0EE96E000E00012EEC19
:1097700000F00A000900F550EE6E0009FBE103015C
:1097800086D003013D6B130E3C6F030EEA6E3E0E56
:10979000E96E000E000139EC00F00A000900F550F6
:1097A000EE6E0009FBE1030172D003018B6B12C066
:1097B0008AF312C08BF38A6B8A5113105F6F12C049
:1097C00060F360C394F35FC393F3000181EC10F086
:1097D00001C061F35EC38AF3030E03018C6F610E57
:1097E0008B6F0001ABEC30F060C394F35FC393F375
:1097F00061C395F3EFEC0FF0E40EF66E0C0EF76E0E
:10980000000EF86E040E03019B6F00016BEC09F073
:109810005EC39AF3180E03019B6F0001F4EC09F08C
:10982000EA0EF66E0C0EF76E000EF86E0E0E0301C9
:109830009B6F00016BEC09F061C39BF3370E0301D2
:109840009C6F000183EC09F00A0E0301A06F000178
:10985000F5EC08F00D0E0301A06F0001F5EC08F027
:10986000030115D003013D6B0C0E3C6F030EEA6E35
:109870003E0EE96E000E000144EC00F00A00090003
:10988000F550EE6E0009FBE1030101D003013C53EA
:1098900002E13D535EE05EC38AF33DC38CF33CC3FB
:1098A0008BF30001ABEC30F03DC303F003013CC38C
:1098B000E9FF3DC3EAFFEFCF8AF3FE0EF66E0C0E12
:1098C000F76E000EF86E040E9B6F00016BEC09F052
:1098D0005EC39AF3180E03019B6F0001F4EC09F0CC
:1098E0002C0E0301A06F0001F5EC08F0030EEA6EE8
:1098F0003E0EE96E18EC24F0070EF66E0D0EF76EB4
:10990000000EF86E040E03019B6F00016BEC09F072
:10991000030EEA6E3E0EE96E18EC24F03D0E0301D4
:10992000A06F0001F5EC08F08AC39BF3370E03012A
:109930009C6F000183EC09F00A0E0301A06F000187
:10994000F5EC08F00D0E0301A06F0001F5EC08F036
:10995000030120D0140EF66E0D0EF76E000EF86E99
:10996000030E9B6F00016BEC09F03BC39BF3370EBA
:1099700003019C6F000183EC09F0190EF66E0D0EC9
:10998000F76E000EF86E080E03019B6F00016BEC82
:1099900009F003010001DEEF56F0E1EC0BF001C02D
:1099A00062F303016251210A000154E0030A55E009
:1099B000080AD8B4C4D01C0AD8B42ED1480AD8B4E6
:1099C0002ED1090AD8B42ED1310AD8B42ED1080A22
:1099D000D8B439D1180AD8B444D1080AD8B44FD170
:1099E000380AD8B45AD1080AD8B465D11E0AD8B4F6
:1099F00070D1010AD8B478D1030AD8B480D1010A51
:109A0000D8B488D1070AD8B490D1010AD8B498D173
:109A1000560AD8B4A0D1080AD8B4A0D1220AD8B422
:109A2000A0D1100AD8B4A7D1300AD8B4AED1100A48
:109A3000D8B4B2D1DC0AD8B4B6D1040AD8B4C3D1F0
:109A4000180AD8B4D3D11A0AD8B4FDD10A0AD8B4A6
:109A500079D2A5D2C1EF30F0C2D2E1EC0BF0030114
:109A6000646B01C063F30001E1EC0BF00301000E35
:109A700063130150641308C08AF38B6B64C394F3BF
:109A800063C393F308C095F30001EFEC0FF0010EF0
:109A9000030163258A6F000E64218B6F09C08CF36C
:109AA0008D6B8D6B946F8AC393F309C095F300019E
:109AB000EFEC0FF0220EF66E0D0EF76E000EF86E44
:109AC000040E03019B6F00016BEC09F064C39BF370
:109AD000370E03019C6F000183EC09F063C39BF315
:109AE000370E03019C6F000183EC09F0290EF66E1E
:109AF0000D0EF76E000EF86E0B0E03019B6F00014A
:109B00006BEC09F009C09BF3370E03019C6F000159
:109B100083EC09F008C09BF3370E03019C6F000132
:109B200083EC09F00A0E0301A06F0001F5EC08F0C8
:109B30000D0E0301A06F0001F5EC08F050D2E1EC2E
:109B40000BF00301666B01C065F30001E1EC0BF063
:109B5000000E0301651366C394F365C393F300011C
:109B600081EC10F001C067F3010E030165258A6FD7
:109B7000000E66218B6F946F8AC393F3000181EC12
:109B800010F001C068F3000E03016711086E096A46
:109B90003A0EF66E0D0EF76E000EF86E070E9B6F06
:109BA00000016BEC09F066C39BF3370E03019C6F59
:109BB000000183EC09F065C39BF3370E03019C6F32
:109BC000000183EC09F0440EF66E0D0EF76E000EE8
:109BD000F86E080E03019B6F00016BEC09F009C0E1
:109BE0009BF3370E03019C6F000183EC09F008C062
:109BF0009BF3370E03019C6F000183EC09F00A0E02
:109C00000301A06F0001F5EC08F00D0E0301A06F39
:109C10000001F5EC08F0E3D1D5EF30F0E0D122EF10
:109C200031F0DDD16FEF31F0DAD1E1EC0BF001C0B2
:109C30008AF303018C6B0E0E8B6F01C08DF3000154
:109C4000B8EC31F0CCD1E1EC0BF001C08AF30301A8
:109C50008C6B0F0E8B6F01C08DF30001B8EC31F0EF
:109C6000BED1E1EC0BF001C08AF303018C6B100E46
:109C70008B6F01C08DF30001B8EC31F0B0D1E1EC95
:109C80000BF001C08AF303018C6B110E8B6F01C0C6
:109C90008DF30001B8EC31F0A2D1E1EC0BF001C082
:109CA0008AF303018C6B120E8B6F01C08DF30001E0
:109CB000B8EC31F094D1E1EC0BF001C08AF3030170
:109CC0008C6B130E8B6F01C08DF30001B8EC31F07B
:109CD00086D1E1EC0BF001C08AF301C08BF30EC01A
:109CE0008CF38DEC32F07BD1E1EC0BF001C08AF308
:109CF00001C08BF30FC08CF38DEC32F070D1E1EC2E
:109D00000BF001C08AF301C08BF310C08CF38DEC13
:109D100032F065D1E1EC0BF001C08AF301C08BF3A6
:109D200011C08CF38DEC32F05AD1E1EC0BF001C094
:109D30008AF301C08BF312C08CF38DEC32F04FD15B
:109D4000E1EC0BF001C08AF301C08BF313C08CF37C
:109D50008DEC32F044D13DEF33F041D16AEF33F076
:109D60003ED1000E0F1003018A6F8C6B8B6F0001C8
:109D700098EC33F034D1000E111003018A6F8C6B14
:109D80008B6F000198EC33F02AD109C08CF308C026
:109D90008BF398EC33F023D107C08CF306C08BF320
:109DA00098EC33F01CD109C08AF303018B6B8B6BE9
:109DB00008C08CF38D6B09C08EF308C08FF30001CF
:109DC0002DEC1CF00CD1030E03018B6F6A0E8A6F11
:109DD000030E8D6F690E8C6F000162EC1CF0000E9B
:109DE00003016911086E096A0001F9D009C007F082
:109DF00008C006F0520EF66E0D0EF76E000EF86EED
:109E00000F0E03019B6F00016BEC09F007C09BF381
:109E1000370E03019C6F000183EC09F006C09BF331
:109E2000370E03019C6F000183EC09F00A0E030159
:109E3000A06F0001F5EC08F00D0E0301A06F00010A
:109E4000F5EC08F0CCD009C06CF308C06BF307C088
:109E500094F306C093F381EC10F001C06DF3010E92
:109E6000062403018A6F000E07208B6F946F8AC34C
:109E700093F3000181EC10F001C06EF3000E0301BA
:109E80006D11086E096A6BC38AF38B6B07C094F37C
:109E900006C093F36BC395F30001EFEC0FF0010ED6
:109EA000062403018A6F000E07208B6F6CC38CF3AE
:109EB0008D6B8D6B946F8AC393F36CC395F3000124
:109EC000EFEC0FF0000E03016D118A6F680EF66E55
:109ED0000D0EF76E000EF86E110E9B6F00016BEC0D
:109EE00009F009C09BF3370E03019C6F000183EC5E
:109EF00009F008C09BF3370E03019C6F000183EC4F
:109F000009F07C0EF66E0D0EF76E000EF86E060E62
:109F100003019B6F00016BEC09F08AC39BF3370EC2
:109F200003019C6F000183EC09F00A0E0301A06F8E
:109F30000001F5EC08F00D0E0301A06F0001F5EC37
:109F400008F04DD009C005F008C004F0880EF66E88
:109F50000D0EF76E000EF86E0E0E03019B6F0001E2
:109F60006BEC09F005C09BF3370E03019C6F0001F9
:109F700083EC09F004C09BF3370E03019C6F0001D2
:109F800083EC09F00A0E0301A06F0001F5EC08F064
:109F90000D0E0301A06F0001F5EC08F020D09C0E1F
:109FA000F66E0D0EF76E000EF86E030E03019B6F3A
:109FB00000016BEC09F062C39BF3370E03019C6F49
:109FC000000183EC09F0A10EF66E0D0EF76E000E87
:109FD000F86E080E03019B6F00016BEC09F0DEEFD9
:109FE00056F0E1EC0BF001C06FF303016F51210A51
:109FF000000164E0030A66E0080AD8B4D6D01C0A5F
:10A00000D8B441D1480AD8B442D1090AD8B48CD1C5
:10A01000310AD8B4D2D1080AD8B41CD2180AD8B49C
:10A0200066D2080AD8B4AFD2380AD8B4F8D2080A2F
:10A03000D8B441D31E0AD8B48AD3010AD8B4CFD336
:10A04000030AD8B437EF54F0010AD8B47FEF54F0C4
:10A05000070AD8B4C7EF54F0010AD8B40FEF55F08F
:10A06000560AD8B457EF55F0080AD8B45AEF55F04D
:10A07000220AD8B45DEF55F0100AD8B467EF55F056
:10A08000300AD8B471EF55F0100AD8B478EF55F013
:10A09000DC0AD8B47FEF55F0040AD8B48FEF55F03E
:10A0A000180AD8B4A2EF55F01A0AD8B4CFEF55F079
:10A0B0000A0AD8B44EEF56F07BEF56F0F0EF33F0CB
:10A0C0009BEF56F0E1EC0BF00301716B01C070F3F4
:10A0D0000001E1EC0BF00301000E7013015071134D
:10A0E0000AC08AF38B6B71C394F370C393F30AC0F5
:10A0F00095F30001EFEC0FF0010E030170258A6F5C
:10A10000000E71218B6F0BC08CF38D6B8D6B946F78
:10A110008AC393F30BC095F30001EFEC0FF0AA0E86
:10A12000F66E0D0EF76E000EF86E040E03019B6FB7
:10A1300000016BEC09F071C39BF3370E03019C6FB8
:10A14000000183EC09F070C39BF3370E03019C6F91
:10A15000000183EC09F0B10EF66E0D0EF76E000EE5
:10A16000F86E0B0E03019B6F00016BEC09F00BC046
:10A170009BF3370E03019C6F000183EC09F00AC0CA
:10A180009BF3370E03019C6F000183EC09F00A0E6C
:10A190000301A06F0001F5EC08F00D0E0301A06FA4
:10A1A0000001F5EC08F09BEF56F0E1EC0BF0030139
:10A1B000736B01C072F30001E1EC0BF0000E0301C0
:10A1C000721373C394F372C393F3000181EC10F024
:10A1D00001C074F3010E030172258A6F000E732112
:10A1E0008B6F946F8AC393F3000181EC10F001C070
:10A1F00075F3000E030174110A6E0B6AC20EF66E3F
:10A200000D0EF76E000EF86E070E9B6F00016BECE3
:10A2100009F073C39BF3370E03019C6F000183ECBD
:10A2200009F072C39BF3370E03019C6F000183ECAE
:10A2300009F0CC0EF66E0D0EF76E000EF86E080EDD
:10A2400003019B6F00016BEC09F00BC09BF3370E11
:10A2500003019C6F000183EC09F00AC09BF3370EE9
:10A2600003019C6F000183EC09F00A0E0301A06F4B
:10A270000001F5EC08F00D0E0301A06F0001F5ECF4
:10A2800008F09BEF56F004EF34F09BEF56F0E1EC52
:10A290000BF001C076F3030176510A248A6F000E99
:10A2A0000B208B6F946F8AC393F3000181EC10F045
:10A2B00001C00CF00CC092F306EC13F0DA0EF66E4F
:10A2C0000D0EF76E000EF86E090E03019B6F000174
:10A2D0006BEC09F076C39AF3180E03019B6F000133
:10A2E000F4EC09F0E50EF66E0D0EF76E000EF86E4A
:10A2F000070E03019B6F00016BEC09F00CC09BF390
:10A30000370E03019C6F000183EC09F00A0E030174
:10A31000A06F0001F5EC08F00D0E0301A06F000125
:10A32000F5EC08F09BEF56F0E1EC0BF001C077F391
:10A33000030177510A248A6F000E0B208B6F946FF4
:10A340008AC393F30CC095F30001EFEC0FF0F20E0B
:10A35000F66E0D0EF76E000EF86E070E03019B6F82
:10A3600000016BEC09F077C39AF3180E03019B6FA1
:10A370000001F4EC09F0FB0EF66E0D0EF76E000E08
:10A38000F86E090E03019B6F00016BEC09F00CC025
:10A390009BF3370E03019C6F000183EC09F00A0E5A
:10A3A0000301A06F0001F5EC08F00D0E0301A06F92
:10A3B0000001F5EC08F09BEF56F0E1EC0BF001C06A
:10A3C00078F3030178510A248A6F000E0B208B6FFB
:10A3D000946F8AC393F3000181EC10F001C00EF07A
:10A3E0000EC092F306EC13F00A0EF66E0E0EF76E28
:10A3F000000EF86E090E03019B6F00016BEC09F073
:10A4000078C39AF3180E03019B6F0001F4EC09F076
:10A41000150EF66E0E0EF76E000EF86E070E0301A7
:10A420009B6F00016BEC09F00EC09BF3370E03012C
:10A430009C6F000183EC09F00A0E0301A06F00017C
:10A44000F5EC08F00D0E0301A06F0001F5EC08F02B
:10A450009BEF56F0E1EC0BF001C079F30301795169
:10A460000A248A6F000E0B208B6F946F8AC393F3BC
:10A47000000181EC10F001C00FF00FC092F306EC68
:10A4800013F0220EF66E0E0EF76E000EF86E090E29
:10A4900003019B6F00016BEC09F079C39AF3180E6E
:10A4A00003019B6F0001F4EC09F02D0EF66E0E0E09
:10A4B000F76E000EF86E070E03019B6F00016BEC48
:10A4C00009F00FC09BF3370E03019C6F000183EC72
:10A4D00009F00A0E0301A06F0001F5EC08F00D0E63
:10A4E0000301A06F0001F5EC08F09BEF56F0E1ECE2
:10A4F0000BF001C07AF303017A510A248A6F000E2F
:10A500000B208B6F946F8AC393F3000181EC10F0E2
:10A5100001C010F010C092F306EC13F03A0EF66E84
:10A520000E0EF76E000EF86E090E03019B6F000110
:10A530006BEC09F07AC39AF3180E03019B6F0001CC
:10A54000F4EC09F0450EF66E0E0EF76E000EF86E86
:10A55000070E03019B6F00016BEC09F010C09BF329
:10A56000370E03019C6F000183EC09F00A0E030112
:10A57000A06F0001F5EC08F00D0E0301A06F0001C3
:10A58000F5EC08F0D8D3E1EC0BF001C07BF303014C
:10A590007B510A248A6F000E0B208B6F946F8AC345
:10A5A00093F3000181EC10F001C011F011C092F39F
:10A5B00006EC13F0520EF66E0E0EF76E000EF86EED
:10A5C000090E03019B6F00016BEC09F07BC39AF34A
:10A5D000180E03019B6F0001F4EC09F05D0EF66E9E
:10A5E0000E0EF76E000EF86E070E03019B6F000152
:10A5F0006BEC09F011C09BF3370E03019C6F000157
:10A6000083EC09F00A0E0301A06F0001F5EC08F0DD
:10A610000D0E0301A06F0001F5EC08F08CD3E1EC06
:10A620000BF001C07CF303017C510A248A6F000EF9
:10A630000B208B6F946F8AC393F3000181EC10F0B1
:10A6400001C012F012C092F306EC13F06A0EF66E1F
:10A650000E0EF76E000EF86E090E03019B6F0001DF
:10A660006BEC09F07CC39AF3180E03019B6F000199
:10A67000F4EC09F0750EF66E0E0EF76E000EF86E25
:10A68000070E03019B6F00016BEC09F012C09BF3F6
:10A69000370E03019C6F000183EC09F00A0E0301E1
:10A6A000A06F0001F5EC08F00D0E0301A06F000192
:10A6B000F5EC08F040D3E1EC0BF001C07DF30301B1
:10A6C0007D510A248A6F000E0B208B6F946F8AC312
:10A6D00093F3000181EC10F001C013F013C092F36A
:10A6E00006EC13F0820EF66E0E0EF76E000EF86E8C
:10A6F000090E03019B6F00016BEC09F07DC39AF317
:10A70000180E03019B6F0001F4EC09F08D0EF66E3C
:10A710000E0EF76E000EF86E070E03019B6F000120
:10A720006BEC09F013C09BF3370E03019C6F000123
:10A7300083EC09F00A0E0301A06F0001F5EC08F0AC
:10A740000D0E0301A06F0001F5EC08F0F4D2E1EC6E
:10A750000BF001C07EF303017E510A248A6F000EC4
:10A760000B208B6F946F8AC393F30EC095F3000197
:10A77000EFEC0FF09A0EF66E0E0EF76E000EF86EFE
:10A78000070E03019B6F00016BEC09F07EC39AF387
:10A79000180E03019B6F0001F4EC09F0A30EF66E96
:10A7A0000E0EF76E000EF86E090E03019B6F00018E
:10A7B0006BEC09F00EC09BF3370E03019C6F000198
:10A7C00083EC09F00A0E0301A06F0001F5EC08F01C
:10A7D0000D0E0301A06F0001F5EC08F0ACD2E1EC26
:10A7E0000BF001C07FF303017F510A248A6F000E32
:10A7F0000B208B6F946F8AC393F30FC095F3000106
:10A80000EFEC0FF0B20EF66E0E0EF76E000EF86E55
:10A81000070E03019B6F00016BEC09F07FC39AF3F5
:10A82000180E03019B6F0001F4EC09F0BB0EF66EED
:10A830000E0EF76E000EF86E090E03019B6F0001FD
:10A840006BEC09F00FC09BF3370E03019C6F000106
:10A8500083EC09F00A0E0301A06F0001F5EC08F08B
:10A860000D0E0301A06F0001F5EC08F064D2E1ECDD
:10A870000BF001C080F3030180510A248A6F000E9F
:10A880000B208B6F946F8AC393F310C095F3000174
:10A89000EFEC0FF0CA0EF66E0E0EF76E000EF86EAD
:10A8A000070E03019B6F00016BEC09F080C39AF364
:10A8B000180E03019B6F0001F4EC09F0D30EF66E45
:10A8C0000E0EF76E000EF86E090E03019B6F00016D
:10A8D0006BEC09F010C09BF3370E03019C6F000175
:10A8E00083EC09F00A0E0301A06F0001F5EC08F0FB
:10A8F0000D0E0301A06F0001F5EC08F01CD2E1EC95
:10A900000BF001C081F3030181510A248A6F000E0C
:10A910000B208B6F946F8AC393F311C095F30001E2
:10A92000EFEC0FF0E20EF66E0E0EF76E000EF86E04
:10A93000070E03019B6F00016BEC09F081C39AF3D2
:10A94000180E03019B6F0001F4EC09F0EB0EF66E9C
:10A950000E0EF76E000EF86E090E03019B6F0001DC
:10A960006BEC09F011C09BF3370E03019C6F0001E3
:10A9700083EC09F00A0E0301A06F0001F5EC08F06A
:10A980000D0E0301A06F0001F5EC08F0D4D1E1EC4D
:10A990000BF001C082F3030182510A248A6F000E7A
:10A9A0000B208B6F946F8AC393F312C095F3000151
:10A9B000EFEC0FF0FA0EF66E0E0EF76E000EF86E5C
:10A9C000070E03019B6F00016BEC09F082C39AF341
:10A9D000180E03019B6F0001F4EC09F0030EF66EF4
:10A9E0000F0EF76E000EF86E090E03019B6F00014B
:10A9F0006BEC09F012C09BF3370E03019C6F000152
:10AA000083EC09F00A0E0301A06F0001F5EC08F0D9
:10AA10000D0E0301A06F0001F5EC08F08CD1E1EC04
:10AA20000BF001C083F3030183510A248A6F000EE7
:10AA30000B208B6F946F8AC393F313C095F30001BF
:10AA4000EFEC0FF0120EF66E0F0EF76E000EF86EB2
:10AA5000070E03019B6F00016BEC09F083C39AF3AF
:10AA6000180E03019B6F0001F4EC09F01B0EF66E4B
:10AA70000F0EF76E000EF86E090E03019B6F0001BA
:10AA80006BEC09F013C09BF3370E03019C6F0001C0
:10AA900083EC09F00A0E0301A06F0001F5EC08F049
:10AAA0000D0E0301A06F0001F5EC08F044D151EF49
:10AAB00034F041D17EEF34F03ED1000E0F1003018F
:10AAC0008A6F8C6B8B6F0001ACEC34F034D1000ECC
:10AAD000111003018A6F8C6B8B6F0001ACEC34F0AA
:10AAE0002AD10BC08CF30AC08BF3ACEC34F023D129
:10AAF00007C08CF306C08BF3ACEC34F01CD10BC058
:10AB00008AF303018B6B8B6B0AC08CF38D6B0BC0CC
:10AB10008EF30AC08FF300012DEC1CF00CD1030E54
:10AB200003018B6F850E8A6F030E8D6F840E8C6F01
:10AB3000000162EC1CF0000E030184110A6E0B6A26
:10AB40000001F9D00BC007F00AC006F02A0EF66E1D
:10AB50000F0EF76E000EF86E0F0E03019B6F0001D3
:10AB60006BEC09F007C09BF3370E03019C6F0001EB
:10AB700083EC09F006C09BF3370E03019C6F0001C4
:10AB800083EC09F00D0E0301A06F0001F5EC08F055
:10AB90000A0E0301A06F0001F5EC08F0CCD00BC049
:10ABA00087F30AC086F307C094F306C093F381ECE1
:10ABB00010F001C088F3010E062403018A6F000E15
:10ABC00007208B6F946F8AC393F3000181EC10F020
:10ABD00001C089F3000E030188110A6E0B6A86C357
:10ABE0008AF38B6B07C094F306C093F386C395F387
:10ABF0000001EFEC0FF0010E062403018A6F000E36
:10AC000007208B6F87C38CF38D6B8D6B946F8AC31A
:10AC100093F387C395F30001EFEC0FF0000E0301EF
:10AC200088118A6F400EF66E0F0EF76E000EF86EEA
:10AC3000110E9B6F00016BEC09F00BC09BF3370EFC
:10AC400003019C6F000183EC09F00AC09BF3370EEF
:10AC500003019C6F000183EC09F0540EF66E0F0E99
:10AC6000F76E000EF86E060E03019B6F00016BEC91
:10AC700009F08AC39BF3370E03019C6F000183EC3C
:10AC800009F00A0E0301A06F0001F5EC08F00D0EAB
:10AC90000301A06F0001F5EC08F04DD00BC005F0EA
:10ACA0000AC004F0600EF66E0F0EF76E000EF86E1E
:10ACB0000E0E03019B6F00016BEC09F005C09BF3C6
:10ACC000370E03019C6F000183EC09F004C09BF375
:10ACD000370E03019C6F000183EC09F00A0E03019B
:10ACE000A06F0001F5EC08F00D0E0301A06F00014C
:10ACF000F5EC08F020D0740EF66E0F0EF76E000E15
:10AD0000F86E030E03019B6F00016BEC09F06FC33B
:10AD10009BF3370E03019C6F000183EC09F0790E61
:10AD2000F66E0F0EF76E000EF86E080E03019B6FA5
:10AD300000016BEC09F042D0010E045C03018A6F44
:10AD4000000E05588B6F820EF66E0F0EF76E000E1A
:10AD5000F86E100E9B6F00016BEC09F039C39BF38A
:10AD6000370E03019C6F000183EC09F0940EF66E20
:10AD70000F0EF76E000EF86E070E03019B6F0001B9
:10AD80006BEC09F08BC39BF3370E03019C6F000142
:10AD900083EC09F08AC39BF3370E03019C6F00011B
:10ADA00083EC09F00A0E0301A06F0001F5EC08F036
:10ADB0000D0E0301A06F0001F5EC08F01200E8246D
:10ADC000F76AF736DF0FF66EAD0EF722000EF86E5B
:10ADD000FB6E0A00F550FA6E0800F550F96EDE8041
:10ADE00006812E8156817E81A681CE815C82E824F7
:10ADF000F76AF7360F0FF66EAE0EF722000EF86EFA
:10AE0000FB6E0A00F550FA6E0800F550F96E50839B
:10AE10007883A083C883F08318844084CE84E82498
:10AE2000F76AF7363F0FF66EAE0EF722000EF86E99
:10AE3000FB6E0A00F550FA6E0800F550F96EC285F7
:10AE4000EA8512863A8662868A86B2864087E82438
:10AE5000F76AF7366F0FF66EAE0EF722000EF86E39
:10AE6000FB6E0A00F550FA6E0800F550F96E348852
:10AE70005C888488AC88D488FC882489B289E824DA
:10AE8000F76AF7369F0FF66EAE0EF722000EF86ED9
:10AE9000FB6E0A00F550FA6E0800F550F96EA68AAE
:10AEA000CE8AF68A1E8B468B6E8B968B248CE8247A
:10AEB000F76AF736CF0FF66EAE0EF722000EF86E79
:10AEC000FB6E0A00F550FA6E0800F550F96E188D09
:10AED000408D688D908DB88DE08D088E968EE8241B
:10AEE000F76AF736FF0FF66EAE0EF722000EF86E19
:10AEF000FB6E0A00F550FA6E0800F550F96E8A8F65
:10AF0000B28FDA8F02902A9052907A900891E824BA
:10AF1000F76AF7362F0FF66EAF0EF722000EF86EB7
:10AF2000FB6E0A00F550FA6E0800F550F96E0E92AD
:10AF30003092529274929692B892DA920E93E824DA
:10AF4000F76AF7365F0FF66EAF0EF722000EF86E57
:10AF5000FB6E0A00F550FA6E0800F550F96EEC939E
:10AF600014943C9464948C94B494DC949695E82462
:10AF7000F76AF7368F0FF66EAF0EF722000EF86EF7
:10AF8000FB6E0A00F550FA6E0800F550F96EBA969D
:10AF9000E2960A9732975A978297AA9764982EC397
:10AFA00000F02FC301F030C302F031C303F090EF83
:10AFB0005CF00301316B306B2F6B2E6BD60EF66E8F
:10AFC000000EF76E000EF86E000118EC09F0B3EFFA
:10AFD0005CF0016A026A006A036A03013C5102E103
:10AFE0003B5118E0100E3D6FD89039373A37003694
:10AFF00003363C51035C02E13B51005C07E33B51EB
:10B00000005ED8A003063C51035ED88001360236AC
:10B010003D2FEAD70001C9EF5CF022520AE0010E91
:10B02000256E3A0EF66E010EF76E000EF86E18ECF5
:10B0300009F020EF5DF0010E266E540EF66E010E43
:10B04000F76E000EF86E18EC09F027EF5DF0F86A65
:10B05000D09EEA6AE96A96948D84056A046A076854
:10B060000668096A086A0B6A0A6A0C6A0D6A0E6A3F
:10B070000F6A106A116A126A136A146A156A166AEC
:10B08000176A186A196A1A6A1B6A1C6A1D6A1E6A9C
:10B090001F6A206A216A226A236A246A256A266A4C
:10B0A000276A296A286A2A6A2B802B822B842B869E
:10B0B0002B882B8A2B8C2D6A2C6A0301316B306B09
:10B0C0002F6B2E6B326B336B35693469376B366B94
:10B0D000C150C00B0F09C16E070EB46E040E2E6E68
:10B0E0000A0E2F6E070E306E060E316E040E326E93
:10B0F000336E070E346E040E356E366E0B0E376EE1
:10B10000070E386E060E396E040E3A6E3B6E070E51
:10B110003C6E040E3D6E3E6E0A0E3F6E070E406E94
:10B12000060E416E040E426E436E070E446E040E10
:10B13000456E0C0E466E0B0E476E070E486E060EE1
:10B14000496E040E4A6E4B6E070E4C6E040E4D6E29
:10B150004E6E0A0E4F6E100E506E060E516E040E9D
:10B16000526E536E070E546E040E556E566E0B0ED5
:10B17000576E100E586E060E596E040E5A6E5B6EA8
:10B18000070E5C6E040E5D6E5E6E0A0E5F6E0D0E37
:10B190000001606F060E616F0B0E626F636F0A0E27
:10B1A000646F040E656F666F0B0E676F0D0E686F30
:10B1B000060E696F040E6A6F6B6F070E6C6F040EDC
:10B1C0006D6F6E6F6F6F706F716F726F736F070E51
:10B1D000746F040E756F766F776F786F796F7A6F13
:10B1E0007B6F070E7C6F040E7D6F7E6F7F6F806FAD
:10B1F000816F826F836F070E846F040E856F866F79
:10B20000876F886F896F8A6F8B6F070E8C6F040E44
:10B210008D6F8E6F8F6F906F916F926F936F070E20
:10B22000946F040E956F966F976F986F996F9A6FE2
:10B230009B6F070E9C6F040E9D6F070E9E6F9F6F96
:10B24000A06FA16FA26FA36F040EA46F070EA56F6E
:10B25000040EA66FA76FA86FA96FAA6FAB6F070E3A
:10B26000AC6F040EAD6FAE6FAF6FB06FB16FB26FFA
:10B27000B36F070EB46F040EB56FB66FB76FB86FCC
:10B28000B96FBA6FBB6F070EBC6F040EBD6FBE6F98
:10B29000BF6FC06FC16FC26FC36F070EC46F040E64
:10B2A000C56FC66FC76FC86FC96FCA6FCB6F070E08
:10B2B000CC6F040ECD6FCE6FCF6FD06FD16FD26FCA
:10B2C000D36F070ED46F040ED56FD66FD76FD86FBC
:10B2D000D96FDA6FDB6F070EDC6F040EDD6FDE6F88
:10B2E000DF6FE06FE16FE26FE36F070EE46F040E54
:10B2F000E56FE66FE76FE86FE96FEA6FEB6F070ED8
:10B30000EC6F040EED6F050EEE6F0A0EEF6FF06F2F
:10B31000F16F0B0EF26FF36F070EF46F0B0EF56FFC
:10B32000050EF66F0A0EF76FF86FF96B0B0EFA6FDA
:10B33000110EFB6F070EFC6F0B0EFD6F050EFE6FFF
:10B340000A0EFF6F0101006F0B0E016F026F036F9A
:10B35000070E046F0B0E056F050E066F040E076FC8
:10B360000A0E086F0B0E096F0A6F0B6B070E0C6F3E
:10B370000B0E0D6F050E0E6F0A0E0F6F106F130E72
:10B38000116F0B0E126F136F070E146F0B0E156FEC
:10B39000050E166F040E176F0A0E186F040E196F44
:10B3A0000B0E1A6F1B6B070E1C6F0B0E1D6F050E1D
:10B3B0001E6F0A0E1F6F206F040E216F0B0E226F7F
:10B3C000236F070E246F0B0E256F050E266F060EDA
:10B3D000276F0A0E286F040E296F0B0E2A6F2B6B36
:10B3E000070E2C6F0B0E2D6F2E6B2F6B306B316B8E
:10B3F000326B336B346B356B366B376B386B396B49
:10B400003A6B3B6B3C6B3D6B3E6B3F6B406B416BF8
:10B41000426B436B446B456B466B476B486B496BA8
:10B420004A6B4B6B4C6B4D6B4E6B4F6B506B516B58
:10B43000526B536B546B556B566B576B586B596B08
:10B440005A6B5B6B5C6B5D6B5E6B5F6B606B616BB8
:10B45000626B636B646B656B666B676B686B696B68
:10B460006A6B6B6B6C6B6D6B0C0E6E6F6F6F706FCE
:10B47000716F726F736F746F756F766F776F786FB0
:10B48000796F7A6F7B6F7C6F7D6F7E6F7F6F806F60
:10B49000816F826F836F846F856F866F876F886F10
:10B4A000896F8A6F8B6F8C6F8D6F8E6F8F6F906FC0
:10B4B000916F926F936F946F956F966F976F986F70
:10B4C000996F9A6F9B6F9C6F9D6F9E6F9F6FA06F20
:10B4D000A16FA26FA36FA46FA56FA66FA76FA86FD0
:10B4E000A96FAA6FAB6FAC6FAD6FAE6BAF6BB06B8C
:10B4F000B16BB26BB36BB46BB56BB66BB76BB86B50
:10B50000B96BBA6BBB6BBC6BBD6BBE6BBF6BC06BFF
:10B51000C16BC26BC36BC46BC56BC66BC76BC86BAF
:10B52000C96BCA6BCB6BCC6BCD6B100ECE6FCF6F74
:10B53000D06FD16FD26FD36FD46FD56FD66FD76FF7
:10B54000D86FD96FDA6FDB6FDC6FDD6FDE6FDF6FA7
:10B55000E06FE16FE26FE36FE46FE56F150EE66F8A
:10B56000E76F100EE86FE96FEA6FEB6FEC6FED6F4E
:10B57000EE6BEF6BF06BF16BF26BF36BF46BF56BE7
:10B58000F66BF76BF86BF96BFA6BFB6BFC6BFD6B97
:10B59000FE6BFF6B0201006B016B026B036B046BB4
:10B5A000056B066B076B086B096B0A6B0B6B0C6BFF
:10B5B0000D6B0E6B0F6B106B116B126B136B146BAF
:10B5C000156B166B176B186B196B1A6B1B6B1C6B5F
:10B5D0001D6B1E6B1F6B206B216B226B236B246B0F
:10B5E000256B266B276B286B296B2A6B2B6B2C6BBF
:10B5F0002D6B080E2E6F2F6F306F316F326F336FE0
:10B600000F0E346F080E356F366F376F386F396F26
:10B610003A6F3B6F0F0E3C6F080E3D6F3E6F3F6FF2
:10B62000406F416F426F436F0F0E446F080E456FBE
:10B63000466F476F486F496F4A6F4B6F0F0E4C6FE5
:10B64000080E4D6F4E6F4F6F506F516F526F536FAB
:10B650000F0E546F080E556F566F576F586F596F16
:10B660005A6F5B6F0F0E5C6F080E5D6F5E6F5F6FE2
:10B67000606F616F626F636F0F0E646F080E656FAE
:10B68000666F676F686F696F6A6F6B6F0F0E6C6FB5
:10B69000080E6D6F6E6F6F6F706F716F726F736F7B
:10B6A0000C0E746F080E756F766F776F786F796F09
:10B6B0007A6F7B6F0C0E7C6F080E7D6F7E6F7F6FD5
:10B6C000806F816F826F836F0C0E846F080E856FA1
:10B6D000866F876F886F896F8A6F8B6F0C0E8C6F88
:10B6E000080E8D6F8E6F8F6F906F916F926F936F4B
:10B6F0000C0E946F080E956F966F976F986F996FF9
:10B700009A6F9B6F0C0E9C6F080E9D6F9E6F9F6FC4
:10B71000A06FA16FA26FA36F0C0EA46F080EA56F90
:10B72000A66FA76FA86FA96FAA6FAB6F0C0EAC6F57
:10B73000080EAD6FAE6FAF6FB06FB16FB26FB36F1A
:10B740000F0EB46F080EB56FB66FB76FB86FB96FE5
:10B75000BA6FBB6F0F0EBC6F080EBD6FBE6FBF6FB1
:10B76000C06FC16FC26FC36F0F0EC46F080EC56F7D
:10B77000C66FC76FC86FC96FCA6FCB6F0F0ECC6F24
:10B78000080ECD6FCE6FCF6FD06FD16FD26FD36FEA
:10B790000F0ED46F080ED56FD66FD76FD86FD96FD5
:10B7A000DA6FDB6F0F0EDC6F080EDD6FDE6FDF6FA1
:10B7B000E06FE16FE26FE36F0F0EE46F080EE56F6D
:10B7C000E66FE76FE86FE96FEA6FEB6F0F0EEC6FF4
:10B7D000080EED6FEE6FEF6FF06FF16FF26FF36FBA
:10B7E0000F0EF46F080EF56FF66FF76FF86FF96FC5
:10B7F000FA6FFB6F0F0EFC6F080EFD6FFE6FFF6F91
:10B800000301006F016F026F036F0F0E046F080ECC
:10B81000056F066F076F086F096F0A6F0B6F0F0ECA
:10B820000C6F080E0D6F0E6F0F6F106F116F126F90
:10B83000136F0F0E146F080E156F166F176F186FBA
:10B84000196F1A6F1B6F0F0E1C6F080E1D6F1E6F86
:10B850001F6F206F216F226F236F0F0E246F080E52
:10B86000256F266F276F286F296F2A6F2B6F0F0E9A
:10B870002C6F080E2D6F00012CEF09F0320EF66EC2
:10B88000100EF76E000EF86E18EC09F0640EF66EEE
:10B89000100EF76E000EF86E18EC09F0960EF66EAC
:10B8A000100EF76E000EF86E18EC09F0CE0EF66E64
:10B8B000100EF76E000EF86E18EC09F0000EF66E22
:10B8C000110EF76E000EF86E18EC09F0300EF66EE1
:10B8D000110EF76E000EF86E18EC09F0700E1C6E6B
:10B8E000E1EC0BF001C038F3010E045C0301396F89
:10B8F000000E05583A6F3C6F39C33BF338C33DF334
:10B90000000153EF0DF038C339F304EC35F0215248
:10B9100005E0216A20C039F304EC35F0CFEF57F091
:10B9200003C03CF302C03BF301C03AF300C039F35B
:10B9300003013C530DE13B510E0818E2FF0A08E1F8
:10B940003A51410813E2FF0A03E1395140080EE27F
:10B95000620EF66E110EF76E000EF86E000118EC16
:10B9600009F0D9EF57F0056A046A03010A0E8D6FDA
:10B97000000144EC1EF00301362BD8B4372B37C33B
:10B980003AF336C339F33C6B640E3B6F0001E9EFC9
:10B9900057F000C039F3030103C03AF3395302E111
:10B9A0003A5300E13851760814E18A0EF66E110E12
:10B9B000F76E000EF86E000118EC09F0040E03019A
:10B9C000396FFA0E8D6F000144EC1EF00301392F20
:10B9D000F8D7968C84BC2ED0FF0E926E936E946E28
:10B9E000956E3B0E966EFE0E976E969E8D9EB00ED9
:10B9F000F66E110EF76E000EF86E000118EC09F0ED
:10BA0000968C84BC03D0000E926EFAD7000E936E13
:10BA1000946EFF0E956E780E966E000E976E969E43
:10BA20008D8ECC0EF66E110EF76E000EF86E18ECC1
:10BA300009F00301968684B604D000010DEF58F09A
:10BA40000301968884B803D000011BEF58F0000171
:04BA500047D70300D1
:020000040030CA
:0E00000000C21E1E0385B100FFC0FFE0FF40DE
:00000001FF
;PIC18F6722
;CRC=91E0  CREATED="22-mai-26 10:50"
